Device Time, G(x), G(y), G(z), G(calibrated), Acceleration Sensor(Total)(g),Actual engine % torque(%),Air Fuel Ratio(Commanded)(:1),Air Fuel Ratio(Measured)(:1),Ambient air temp(°F),Engine Coolant Temperature(°F),Engine Load(%),Engine Load(Absolute)(%),Engine Oil Temperature(°F),Engine RPM(rpm),Fuel Level (From Engine ECU)(%),Fuel pressure(psi),Mass Air Flow Rate(g/s),Positive Kinetic Energy (PKE)(km/hr²),Timing Advance(°),Voltage (Control Module)(V),Voltage (OBD Adapter)(V)
19-Jan-2023 13:32:01.602,-0.84825563,2.64167619,9.75194836,0.05253297,0.01,-,-,-,-,111.2,-,-,-,950.5,-,-,5.36999989,-,-,-,-
19-Jan-2023 13:32:02.601,-1.43449712,1.94536483,8.87677383,-0.04318517,0.03,-,-,-,-,111.2,-,-,-,947.75,-,-,5.36999989,-,-,-,-
19-Jan-2023 13:32:03.602,-0.58145589,2.60638213,9.69571781,0.04415303,0,-,-,-,-,111.2,46.66666794,-,-,1075.25,-,37.4197364,5.48000002,-,-,-,-
19-Jan-2023 13:32:04.601,-0.83030945,2.27258325,9.71785069,0.03984839,0,-,-,-,-,111.2,46.66666794,-,-,1075.25,-,37.4197364,5.48000002,-,23,-,-
19-Jan-2023 13:32:05.601,-0.71605217,2.52622247,9.92901802,0.06592578,0.06,-,-,-,-,111.2,46.66666794,-,-,1075.25,-,37.4197364,5.48000002,-,23,-,-
19-Jan-2023 13:32:06.601,-0.87038922,2.14875484,9.58804035,0.02453941,-0.02,-,-,-,-,111.2,46.66666794,-,-,1075.25,-,37.4197364,5.48000002,-,23,-,14.5
19-Jan-2023 13:32:07.601,-0.87637126,2.00578356,9.92841911,0.0553754,-0.03,-,-,-,-,111.2,46.66666794,-,-,1075.25,-,37.4197364,5.48000002,-,23,-,14.5
19-Jan-2023 13:32:08.601,-0.80159557,1.95433784,9.80698395,0.04161924,0.02,-,-,-,-,111.2,45.49019623,-,-,1099,-,45.25177426,5.59000015,-,21.5,-,14.5
19-Jan-2023 13:32:09.600,-0.35533416,2.68055964,9.68016434,0.04353958,0,-,-,-,-,111.2,45.49019623,-,-,1099,-,45.25177426,5.59000015,-,21.5,-,14.5
19-Jan-2023 13:32:10.601,-0.62213391,2.3425734,9.76750183,0.04486507,0.02,-,-,-,-,111.2,45.49019623,-,-,1099,-,45.25177426,5.59000015,-,21.5,-,14.60000038
19-Jan-2023 13:32:11.601,-0.59461641,2.78883481,9.49053288,0.02915913,0,-,-,-,-,111.2,45.49019623,-,-,1099,-,45.25177426,5.59000015,-,21.5,-,14.60000038
19-Jan-2023 13:32:12.601,-0.44805604,2.79661155,9.63230801,0.04245323,0,-,-,-,-,111.2,45.49019623,-,-,966.25,-,40.4655289,5.48000002,-,21.5,-,14.60000038
19-Jan-2023 13:32:13.600,-0.39481574,2.68055964,9.29791069,0.00622207,0.05,-,-,-,-,111.2,47.45098114,-,-,966.25,-,40.4655289,5.48000002,-,27,-,14.60000038
19-Jan-2023 13:32:14.600,-0.51505506,2.59860539,9.50907707,0.02523845,0,-,-,-,-,111.2,47.45098114,-,-,966.25,-,40.4655289,5.48000002,-,27,-,14.69999981
19-Jan-2023 13:32:15.601,0.36849469,3.09152675,9.20518875,0.00956565,0,-,-,-,-,111.2,47.45098114,-,-,966.25,-,40.4655289,5.48000002,-,27,-,14.69999981
19-Jan-2023 13:32:16.601,-0.82013994,1.79282236,10.57268715,0.11532325,0.09,-,-,-,-,111.2,47.45098114,-,-,966.25,-,40.4655289,5.48000002,-,27,-,14.69999981
19-Jan-2023 13:32:17.601,-0.87457669,1.71146643,8.5334034,-0.08934158,-0.1,-,-,-,-,111.2,47.45098114,-,-,1011.25,-,40.4655289,5.42000008,-,24,-,14.69999981
19-Jan-2023 13:32:18.601,-0.80877405,2.04287243,9.54137993,0.01707196,0.04,-,-,-,-,111.2,47.45098114,-,-,1011.25,-,35.67928355,5.63999987,-,24,-,14.5
19-Jan-2023 13:32:19.601,-0.27278179,1.82213449,9.10528851,-0.03402495,0,-,-,-,-,111.2,45.49019623,-,-,1088,-,35.67928355,5.63999987,-,19.5,-,14.89999962
19-Jan-2023 13:32:20.602,-0.52223355,1.61216426,9.42114067,-0.00522637,-0.03,-,-,-,-,111.2,47.05882263,-,-,1013,-,40.03041569,5.48000002,-,19.5,-,14.89999962
19-Jan-2023 13:32:21.601,-0.66101724,1.98305178,9.19322491,-0.01995265,0.06,-,-,-,-,111.2,47.05882263,-,-,881.5,-,40.4655289,5.42000008,-,25.5,-,14.69999981
19-Jan-2023 13:32:22.601,-0.75972116,1.84965193,9.76690388,0.03525823,0.07,-,-,-,-,111.2,48.23529434,-,-,1085.75,-,37.85484962,5.63999987,-,21.5,-,14.69999981
19-Jan-2023 13:32:23.601,-0.7076773,1.628914,9.45882797,0.00005144,0.11,-,-,-,-,113,46.27450943,-,-,1054.5,-,41.33575533,5.63999987,-,24,-,14.60000038
19-Jan-2023 13:32:24.600,-0.40438703,1.63190508,9.89970589,0.04259378,0.06,-,-,-,-,113,47.84313583,-,-,1082,-,39.59530247,5.59000015,-,22,-,14.69999981
19-Jan-2023 13:32:25.601,-0.33858439,2.12602282,9.64128017,0.0260039,0,-,-,-,-,113,46.27450943,-,-,1110.75,-,36.11439676,5.59000015,-,21,-,14.69999981
19-Jan-2023 13:32:26.600,-0.22432712,2.26660132,10.2783699,0.09216112,0.12,-,-,-,-,113,44.31372452,-,-,1110.75,-,36.11439676,5.59000015,-,17.5,-,14.60000038
19-Jan-2023 13:32:27.601,-0.16331014,1.77427804,10.05763149,0.06020683,0.04,-,-,-,-,113,45.88235474,-,-,1103.5,-,39.59530247,5.48000002,-,26,-,14.60000038
19-Jan-2023 13:32:28.600,-0.51086766,1.83649135,9.9140625,0.04811901,0.02,-,-,-,-,113,46.27450943,-,-,1009,-,36.54950998,5.36999989,-,23,-,14.69999981
19-Jan-2023 13:32:29.601,-0.22372891,1.94117737,9.8321085,0.04085511,0.02,-,-,-,-,113,45.88235474,-,-,1016.25,-,44.38154783,5.26000023,-,23,-,14.69999981
19-Jan-2023 13:32:30.601,-0.51864433,1.59601271,10.34596729,0.08741862,0.06,-,-,-,-,113,45.88235474,-,-,1016.25,-,39.59530247,5.42000008,-,23,-,14.89999962
19-Jan-2023 13:32:31.600,-0.30329028,1.82273269,9.46421146,0.00196695,0.01,-,-,-,-,113,45.88235474,-,-,1038.25,-,39.59530247,5.42000008,-,22,-,14.60000038
19-Jan-2023 13:32:32.600,-0.65024954,1.75872469,9.86022377,0.04213244,-0.02,-,-,-,-,113,47.05882263,-,-,935,-,41.33575533,5.26000023,-,27,-,14.60000038
19-Jan-2023 13:32:33.601,-0.09750752,2.14636183,10.21795082,0.08336312,0.02,-,-,-,-,113,45.49019623,-,-,1056.5,-,37.85484962,5.36999989,-,27,-,14.69999981
19-Jan-2023 13:32:34.600,-0.59700924,2.04825616,8.30429077,-0.10699666,0.07,-,-,-,-,113,45.88235474,-,-,1080.75,-,37.85484962,5.30999994,-,27,-,15
19-Jan-2023 13:32:35.601,-0.64008003,1.69591308,9.63230801,0.01812196,0.13,-,-,-,-,113,45.49019623,-,-,1027.75,-,35.24417033,5.36999989,-,19,-,14.89999962
19-Jan-2023 13:32:36.602,-0.57248282,1.98364997,8.74636459,-0.06492054,-0.01,-,-,-,-,113,45.49019623,-,-,1042.75,-,40.90064212,5.36999989,-,23.5,-,15
19-Jan-2023 13:32:37.600,-0.21714866,1.99381948,9.80638504,0.03932399,-0.03,-,-,-,-,113,46.27450943,-,-,1040,-,37.4197364,5.30999994,-,26.5,-,14.89999962
19-Jan-2023 13:32:38.601,-0.14656039,2.50588346,9.2620182,-0.00280023,0.1,-,-,-,-,113,45.88235474,-,-,1040,-,37.4197364,5.30999994,-,22.5,-,14.69999981
19-Jan-2023 13:32:39.601,-0.12263216,2.3216362,9.64427185,0.03026754,0.03,-,-,-,-,113,45.88235474,-,-,969.25,-,39.16018926,5.26000023,-,19,-,14.69999981
19-Jan-2023 13:32:40.600,-0.2219343,1.77966189,10.8550396,0.14052862,0.11,-,-,-,-,113,45.09803772,-,-,1047,-,42.20598176,5.36999989,-,19.5,-,14.69999981
19-Jan-2023 13:32:41.601,-0.11784652,1.95613253,10.25264645,0.08304197,0.11,-,-,-,-,113,47.05882263,-,-,969,-,37.85484962,5.26000023,-,19.5,-,14.69999981
19-Jan-2023 13:32:42.600,-0.90269232,1.81615233,9.95773125,0.05489892,0.03,-,-,-,-,113,47.05882263,-,-,870.5,-,41.33575533,5.26000023,-,26,-,14.69999981
19-Jan-2023 13:32:43.600,-0.31824541,1.90229404,10.01336479,0.05849284,0.03,-,-,-,-,113,49.01960754,-,-,984,-,38.72507605,5.48000002,-,23,-,14.69999981
19-Jan-2023 13:32:44.601,-0.69032931,1.81734884,9.3308115,-0.00942224,-0.02,-,-,-,-,113,45.49019623,-,-,984,-,42.20598176,5.36999989,-,22,-,14.60000038
19-Jan-2023 13:32:45.600,-0.38524446,2.24267292,10.26760197,0.09104186,0.02,-,-,-,-,113,46.27450943,-,-,1078.75,-,36.11439676,5.36999989,-,19.5,-,14.5
19-Jan-2023 13:32:46.600,-0.48574299,1.77308154,9.83629608,0.03904301,-0.01,-,-,-,-,113,43.92156982,-,-,1119.75,-,36.11439676,5.48000002,-,19.5,-,14.5
19-Jan-2023 13:32:47.601,-0.3272185,2.18404889,9.77348423,0.0403952,0.04,-,-,-,-,113,46.66666794,-,-,1025.75,-,34.37394391,5.30999994,-,26.5,-,14.89999962
19-Jan-2023 13:32:48.602,-0.21834506,1.89750838,10.47338486,0.10423201,0.01,-,-,-,-,113,45.09803772,-,-,1053,-,39.59530247,5.42000008,-,26.5,-,14.89999962
19-Jan-2023 13:32:49.601,-0.54436713,2.12243366,9.4055872,0.00344837,-0.07,-,-,-,-,113,45.88235474,-,-,1055.25,-,37.85484962,5.36999989,-,27,-,15
19-Jan-2023 13:32:50.600,-0.40139601,1.9375881,10.21735287,0.07987589,0.02,-,-,-,-,113,47.05882263,-,-,1077.75,-,39.16018926,5.30999994,-,27,-,14.69999981
19-Jan-2023 13:32:51.600,-0.41694933,1.65882432,10.32562828,0.08590454,0.06,-,-,-,-,114.8,47.05882263,-,-,1077.75,-,35.24417033,5.30999994,-,19.5,-,14.69999981
19-Jan-2023 13:32:52.600,-0.64785671,1.62353015,9.82193851,0.03594941,-0.07,-,-,-,-,114.8,48.23529434,-,-,997,-,35.24417033,5.30999994,-,26.5,-,14.60000038
19-Jan-2023 13:32:53.601,-0.74895346,1.64446735,9.25065231,-0.02019626,-0.03,-,-,-,-,114.8,46.66666794,-,-,993,-,36.98462319,5.36999989,-,27,-,14.5
19-Jan-2023 13:32:54.600,-0.69511497,1.70249331,8.83071232,-0.06151462,-0.08,-,-,-,-,114.8,46.27450943,-,-,1033.75,-,36.54950998,5.36999989,-,27,-,14.5
19-Jan-2023 13:32:55.601,-0.3272185,2.09312153,10.70608711,0.13150615,-0.06,-,-,-,-,114.8,46.27450943,-,-,1052,-,41.77086854,5.42000008,-,27,-,14.69999981
19-Jan-2023 13:32:56.602,-0.69391859,1.90169585,9.07777119,-0.03291166,-0.05,-,-,-,-,114.8,46.66666794,-,-,991.5,-,43.07620819,5.26000023,-,25.5,-,14.69999981
19-Jan-2023 13:32:57.601,-1.26041937,1.60259295,8.81097126,-0.0591048,-0.07,-,-,-,-,114.8,48.62745285,-,-,991.5,-,41.33575533,5.26000023,-,24.5,-,14.69999981
19-Jan-2023 13:32:58.600,-0.93379903,2.05304193,10.59541893,0.12326235,0.1,-,-,-,-,114.8,48.23529434,-,-,939.75,-,39.59530247,5.48000002,-,25.5,-,14.69999981
19-Jan-2023 13:32:59.600,-1.32502556,1.98723924,9.70588684,0.03790432,0,-,-,-,-,114.8,45.49019623,-,-,967.25,-,39.59530247,5.48000002,-,26,-,14.69999981
19-Jan-2023 13:33:00.601,-1.16470647,1.81196499,9.72742271,0.03460211,0,-,-,-,-,114.8,46.27450943,-,-,1000.25,-,41.77086854,5.42000008,-,26,-,14.69999981
19-Jan-2023 13:33:01.601,-1.20538437,1.66241348,8.99581718,-0.04040837,0,-,-,-,-,114.8,49.01960754,-,-,956.5,-,40.4655289,5.36999989,-,19.5,-,14.69999981
19-Jan-2023 13:33:02.600,-0.98225367,1.70608258,10.45543861,0.10352188,0,-,-,-,-,114.8,45.88235474,-,-,1096.75,-,38.28996283,5.63999987,-,19.5,-,14.60000038
19-Jan-2023 13:33:03.601,-1.31724882,1.4057833,8.46281528,-0.09625787,0.02,-,-,-,-,114.8,46.27450943,-,-,1022.25,-,40.90064212,5.53000021,-,21,-,14.69999981
19-Jan-2023 13:33:04.600,-1.48235369,1.73120713,9.31346416,-0.00360173,0.07,-,-,-,-,114.8,46.27450943,-,-,995.5,-,43.5113214,5.42000008,-,26.5,-,14.69999981
19-Jan-2023 13:33:05.601,-1.08933246,2.15712953,10.0839529,0.07603079,-0.06,-,-,-,-,114.8,47.45098114,-,-,995.5,-,43.5113214,5.59000015,-,25,-,14.69999981
19-Jan-2023 13:33:06.601,-1.27477622,2.17387938,8.82951546,-0.04500514,-0.04,-,-,-,-,114.8,51.76470566,-,-,916,-,41.33575533,5.59000015,-,24.5,-,14.30000019
19-Jan-2023 13:33:07.601,-1.47936261,2.06739879,8.91266632,-0.03623635,-0.12,-,-,-,-,114.8,51.76470566,-,-,1011.25,-,43.5113214,5.75,-,21,-,14.69999981
19-Jan-2023 13:33:08.601,-0.98165548,1.63070858,11.15832996,0.17287403,0.09,-,-,-,-,114.8,46.27450943,-,-,1115.75,-,35.67928355,5.75,-,25.5,-,14.30000019
19-Jan-2023 13:33:09.601,-1.46321106,1.97587335,9.30927658,0.00049675,-0.01,-,-,-,-,114.8,49.01960754,-,-,1026.25,-,43.94643461,5.86000013,-,20,-,14.19999981
19-Jan-2023 13:33:10.601,-1.30468655,1.41296172,10.5918293,0.11635095,0.09,-,-,-,-,114.8,48.62745285,-,-,1046.75,-,34.37394391,5.98000002,-,19.5,-,14.60000038
19-Jan-2023 13:33:11.600,-1.16291177,2.11764812,8.19721222,-0.1098662,-0.12,-,-,-,-,114.8,52.15686417,-,-,976.25,-,34.37394391,6.75,-,16,-,14.39999962
19-Jan-2023 13:33:12.600,-1.500898,2.07816648,9.1609211,-0.01129252,-0.02,-,-,-,-,114.8,54.90196228,-,-,1026.25,-,36.11439676,6.25,-,23.5,-,14.5
19-Jan-2023 13:33:13.601,-1.48594284,2.0985055,9.5252285,0.02472788,-0.03,-,-,-,-,114.8,53.72549057,-,-,777.25,-,40.90064212,6.46999979,-,23.5,-,14.5
19-Jan-2023 13:33:14.601,-1.58045936,2.16729903,8.54776096,-0.06777346,0.07,-,-,-,-,114.8,55.68627548,-,-,903.5,-,37.85484962,6.03000021,-,23,-,14.10000038
19-Jan-2023 13:33:15.601,-1.34476638,2.30488634,9.22253704,-0.00232136,0.01,-,-,-,-,114.8,57.64706039,-,-,1028.5,-,38.72507605,6.42000008,-,23.5,-,14.19999981
19-Jan-2023 13:33:16.601,-1.1503495,1.70907354,10.81376362,0.14114636,-0.05,-,-,-,-,114.8,53.33333206,-,-,767,-,43.94643461,6.46999979,-,23.5,-,14.69999981
19-Jan-2023 13:33:17.601,-1.43030977,2.15593314,10.31844902,0.10339016,0.06,-,-,-,-,114.8,55.29411697,-,-,1011.75,-,43.94643461,6.36000013,-,18.5,-,14.10000038
19-Jan-2023 13:33:18.600,-1.30109727,1.65284228,11.40419292,0.20111686,0.12,-,-,-,-,114.8,55.29411697,-,-,924,-,36.98462319,6.53000021,-,20,-,14.5
19-Jan-2023 13:33:19.602,-1.23469651,2.0344975,7.91246605,-0.13873571,0,-,-,-,-,116.6,56.07843018,-,-,924,-,34.37394391,6.63999987,-,23.5,-,14.10000038
19-Jan-2023 13:33:20.601,-1.07198453,1.86400878,10.67797089,0.12932867,0.1,-,-,-,-,116.6,54.90196228,-,-,937,-,33.93883069,6.42000008,-,15,-,14.39999962
19-Jan-2023 13:33:21.600,-1.10428762,3.17647195,7.51107025,-0.1421054,0.11,-,-,-,-,116.6,52.94117737,-,-,963,-,44.81666104,6.13999987,-,20,-,14.30000019
19-Jan-2023 13:33:22.601,-0.70528448,3.18245411,10.164711,0.10713309,0.07,-,-,-,-,116.6,54.50980377,-,-,4186.75,-,44.81666104,6.13999987,-,19,-,14.30000019
19-Jan-2023 13:33:23.601,-0.75254273,2.71585369,10.16710377,0.09447998,0.07,-,-,-,-,116.6,56.07843018,-,-,1042.5,-,43.5113214,6.42000008,-,19,-,14.69999981
19-Jan-2023 13:33:24.601,-0.83509511,2.91625261,9.99422169,0.08367294,0.06,-,-,-,-,116.6,52.94117737,-,-,991.5,-,41.33575533,6.53000021,3333.55371094,18.5,-,14.19999981
19-Jan-2023 13:33:25.601,-0.79202431,2.61714983,9.15374279,-0.00715524,-0.02,-,-,-,-,116.6,52.94117737,-,-,1008.25,-,36.11439676,6.13999987,3333.55371094,18,-,14.30000019
19-Jan-2023 13:33:26.601,-0.76450682,2.51366019,10.45484066,0.11787039,-0.05,-,-,-,-,118.4,50.19607925,-,-,1008.25,-,35.67928355,6.13999987,1565.26599121,13,-,14.19999981
19-Jan-2023 13:33:27.601,-1.20837545,2.69192553,8.52682304,-0.06123102,0.05,-,-,-,-,118.4,49.41176605,-,-,1013,-,34.37394391,6.30999994,2175.48950195,12,-,14.39999962
19-Jan-2023 13:33:28.601,-0.82552379,1.04147601,10.0205431,0.04940623,0.05,-,-,-,-,118.4,49.41176605,-,-,1072.75,-,34.37394391,6.30999994,2617.58691406,12,-,14.60000038
19-Jan-2023 13:33:29.601,-1.26460671,2.55972195,8.42871761,-0.07385021,0.1,-,-,-,-,118.4,52.94117737,-,-,964.5,-,43.07620819,6.25,2019.0925293,24,-,14.39999962
19-Jan-2023 13:33:30.600,-1.24187493,2.63748884,9.85663509,0.0667786,-0.03,-,-,-,-,118.4,52.54901886,-,-,913.5,-,43.07620819,5.80999994,2019.0925293,23.5,-,14.60000038
19-Jan-2023 13:33:31.602,-1.06719887,3.04127765,9.44267654,0.03608412,-0.03,-,-,-,-,118.4,45.88235474,-,-,1239,-,42.20598176,8.18999958,2019.0925293,28,-,14.69999981
19-Jan-2023 13:33:32.600,-1.15274227,2.93240404,9.34875774,0.02465218,0.07,-,-,-,-,118.4,44.31372452,-,-,1255.5,-,39.16018926,7.07999992,2405.3059082,27.5,-,14.69999981
19-Jan-2023 13:33:33.601,0.27756742,0.57367921,10.3728857,0.07837254,-0.01,-,-,-,-,118.4,44.31372452,-,-,1394.25,-,39.16018926,6.75,2558.45361328,27.5,-,14.69999981
19-Jan-2023 13:33:34.601,-1.22033954,3.12263346,9.32183838,0.02882653,-0.01,-,-,-,-,118.4,47.05882263,-,-,1185.75,-,40.03041569,6.46999979,2292.36083984,27.5,-,14.60000038
19-Jan-2023 13:33:35.601,-1.57687008,4.38664198,8.47298527,0.0047906,0.05,-,-,-,-,120.2,47.05882263,-,-,1757.25,-,37.85484962,14.22999954,2443.28759766,26,-,14.60000038
19-Jan-2023 13:33:36.601,-0.91944212,2.07038975,9.9457674,0.05880612,0.04,-,-,-,-,120.2,47.84313583,-,-,1905,-,39.59530247,10.02000046,2744.37915039,31.5,-,14.60000038
19-Jan-2023 13:33:37.601,-0.37926239,0.77886379,10.21077251,0.06359273,0.04,-,-,-,-,120.2,42.35293961,-,-,1905,-,39.59530247,10.02000046,2744.37915039,28.5,-,14.60000038
19-Jan-2023 13:33:38.601,-2.1834507,2.94197536,9.21595669,0.02995676,0.01,-,-,-,-,120.2,44.70588303,-,-,1351.25,-,39.59530247,7.13999987,2329.31005859,28.5,-,14.69999981
19-Jan-2023 13:33:39.601,-2.08833599,3.18006134,9.4307127,0.05561393,0.03,-,-,-,-,120.2,45.09803772,-,-,1254.75,-,38.28996283,6.69000006,2180.55493164,28,-,14.5
19-Jan-2023 13:33:40.601,-2.20259333,2.46999121,9.02931595,-0.00070494,0,-,-,-,-,120.2,41.5686264,-,-,1386.75,-,36.98462319,7.36000013,2319.61669922,28.5,-,14.60000038
19-Jan-2023 13:33:41.601,-2.12303185,2.24267292,8.8534441,-0.02518111,-0.04,-,-,-,-,123.8,40.7843132,-,-,1417.5,-,36.98462319,6.57999992,2445.80151367,28.5,-,14.60000038
19-Jan-2023 13:33:42.601,-2.28155637,2.24446774,9.82911682,0.07272607,0.01,-,-,-,-,123.8,39.60784149,-,-,1502.5,-,37.85484962,6.36000013,2551.04858398,28.5,-,14.60000038
19-Jan-2023 13:33:43.602,-2.62731934,2.21695018,9.73519897,0.07142907,0.04,-,-,-,-,123.8,38.82352829,-,-,1503.75,-,38.28996283,6.30999994,2664.22485352,28.5,-,14.60000038
19-Jan-2023 13:33:44.600,-2.80079889,1.31425786,9.09631538,-0.00158578,-0.05,-,-,-,-,125.6,38.82352829,-,-,1550,-,38.72507605,6.30999994,2734.88769531,28.5,-,14.60000038
19-Jan-2023 13:33:45.601,-2.641078,1.44287205,9.81416225,0.06540471,0,-,-,-,-,125.6,39.2156868,-,-,1484.75,-,39.59530247,6.13999987,2795.26831055,29.5,-,14.60000038
19-Jan-2023 13:33:46.602,-1.5014962,2.27437782,10.25204849,0.10035568,0.02,-,-,-,-,125.6,41.17647171,-,-,1381.75,-,39.16018926,6.13999987,2575.7355957,29.5,-,14.60000038
19-Jan-2023 13:33:47.601,-1.28075826,2.23728919,9.65743256,0.03791839,0.01,-,-,-,-,125.6,47.05882263,-,-,1058.25,-,39.16018926,6.13999987,2373.13061523,29.5,-,14.60000038
19-Jan-2023 13:33:48.600,-1.18145621,2.44008088,9.91705322,0.06700629,0.18000001,-,-,-,-,125.6,47.05882263,-,-,1058.25,-,36.11439676,6.13999987,2373.13061523,28,-,14.60000038
19-Jan-2023 13:33:49.601,-0.92183495,2.10568404,9.74656487,0.03979009,-0.04,-,-,-,-,125.6,48.23529434,-,-,1012.25,-,36.98462319,5.80999994,2162.42456055,28,-,14.69999981
19-Jan-2023 13:33:50.603,-1.36869454,2.236691,9.50967503,0.02456409,0.02,-,-,-,-,125.6,48.23529434,-,-,1007.5,-,36.98462319,5.36999989,2060.046875,29,-,14.69999981
19-Jan-2023 13:33:51.601,-0.93020982,1.76470673,9.94995499,0.05345052,0.03,-,-,-,-,127.4,41.96078491,-,-,1259.25,-,39.59530247,6.09000015,1955.6418457,30.5,-,14.60000038
19-Jan-2023 13:33:52.600,-0.34576288,0.80997044,9.45823002,-0.0126878,-0.03,-,-,-,-,127.4,45.88235474,-,-,1108,-,37.85484962,6.13999987,1955.6418457,28.5,-,14.60000038
19-Jan-2023 13:33:53.601,-1.42432773,2.94137716,9.43190861,0.03653806,-0.03,-,-,-,-,127.4,57.25490189,-,-,858.25,-,37.85484962,5.48000002,1860.20410156,13,-,14.69999981
19-Jan-2023 13:33:54.601,-0.92901337,5.0793643,8.41077137,0.02504998,0,-,-,-,-,127.4,61.5686264,-,-,1658.75,-,35.67928355,5.48000002,1908.46655273,13,-,14.30000019
19-Jan-2023 13:33:55.600,1.17427766,5.55673218,9.61256695,0.15712625,0.13,-,-,-,-,127.4,61.5686264,-,-,2164.5,-,35.67928355,20.43000031,2019.22192383,30,-,14.19999981
19-Jan-2023 13:33:56.601,-0.92901337,4.76411009,9.44506931,0.10149556,0.08,-,-,-,-,127.4,61.5686264,-,-,2612.25,-,40.03041569,24.52000046,2150.53442383,31,-,14.39999962
19-Jan-2023 13:33:57.601,-2.24446774,4.65583467,8.94915676,0.0724656,0.05,-,-,-,-,127.4,69.80392456,-,-,3308.25,-,39.16018926,34.77000046,2150.53442383,29,-,14.30000019
19-Jan-2023 13:33:58.601,-2.18404889,4.50927448,8.68534756,0.04111093,0,-,-,-,-,127.4,72.15686035,-,-,3243.75,-,39.16018926,36.25999832,2271.74487305,27.5,-,14.39999962
19-Jan-2023 13:33:59.601,-1.9597218,3.91824698,8.7338028,0.0150246,0.05,-,-,-,-,131,80,-,-,3243.75,-,43.07620819,28.18000031,2418.17163086,28,-,14.69999981
19-Jan-2023 13:34:00.601,-1.92861509,4.32442856,9.27577686,0.0806132,0.06,-,-,-,-,131,71.76470947,-,-,4186.75,-,38.72507605,26.56999969,2492.46728516,29.5,-,14.60000038
19-Jan-2023 13:34:01.600,-2.03330112,3.57068968,9.38644505,0.06348902,-0.04,-,-,-,-,134.6,66.27451324,-,-,2652.75,-,38.72507605,26.56999969,2612.8371582,30.5,-,14.60000038
19-Jan-2023 13:34:02.601,-1.59361982,3.22133756,9.16810036,0.02280933,0.01,-,-,-,-,134.6,65.09803772,-,-,2781.75,-,39.59530247,26.79000092,2716.31933594,30,-,14.60000038
19-Jan-2023 13:34:03.600,-1.9794625,3.44267368,8.30010319,-0.04305971,0.06,-,-,-,-,134.6,56.47058868,-,-,2627.75,-,39.59530247,25.35000038,2487.48461914,30.5,-,14.60000038
19-Jan-2023 13:34:04.601,-1.7461623,3.6544385,9.71485996,0.09191805,0.04,-,-,-,-,140,75.29412079,-,-,2417,-,39.59530247,26.79000092,2539.57543945,27.5,-,14.60000038
19-Jan-2023 13:34:05.601,-1.91485631,2.82951283,10.85683441,0.17921656,0,-,-,-,-,140,75.68627167,-,-,2440.5,-,39.59530247,27.73999977,2618.09399414,27.5,-,14.60000038
19-Jan-2023 13:34:06.601,-1.12821591,1.19880414,9.83091164,0.03508455,0.1,-,-,-,-,145.4,75.68627167,-,-,1801,-,41.33575533,7.25,2388.85668945,36,-,14.39999962
19-Jan-2023 13:34:07.601,-1.29092777,1.56729889,10.11505985,0.07066637,0.05,-,-,-,-,145.4,35.68627548,-,-,1553.25,-,39.16018926,5.92000008,2268.45898438,39.5,-,14.60000038
19-Jan-2023 13:34:08.600,-1.26221395,1.24666059,9.81296539,0.03551811,0.07,-,-,-,-,147.2,37.25490189,-,-,1553.25,-,40.03041569,5.36999989,2268.45898438,38.5,-,14.60000038
19-Jan-2023 13:34:09.601,-0.67776704,1.24905348,10.36810017,0.08577234,0,-,-,-,-,147.2,39.60784149,-,-,1195.75,-,38.72507605,5.13999987,2160.00854492,35.5,-,14.60000038
19-Jan-2023 13:34:10.601,-1.29272246,1.95433784,9.95892811,0.0619027,-0.06,-,-,-,-,147.2,41.17647171,-,-,1195.75,-,41.33575533,5.13999987,2102.25854492,33.5,-,14.5
19-Jan-2023 13:34:11.601,-1.14197457,2.43589354,9.55154991,0.03053862,0.01,-,-,-,-,147.2,38.82352829,-,-,1241.25,-,39.16018926,5.09000015,2056.93847656,37,-,14.5
19-Jan-2023 13:34:12.600,-1.45124698,2.52442789,9.16451073,-0.0007776,-0.01,-,-,-,-,147.2,41.96078491,-,-,1170.5,-,39.16018926,4.86999989,2037.01733398,32,-,14.60000038
19-Jan-2023 13:34:13.602,-1.66301179,2.84327149,9.81834984,0.07467252,0.05,-,-,-,-,147.2,44.70588303,-,-,1000.25,-,38.28996283,4.80999994,2037.01733398,28.5,-,14.5
19-Jan-2023 13:34:14.601,-1.89391911,3.28773832,9.09691334,0.05145913,0.03,-,-,-,-,147.2,41.96078491,-,-,1104.75,-,35.67928355,4.69999981,2037.01733398,34,-,14.5
19-Jan-2023 13:34:15.601,-1.92981148,3.26560473,9.04606628,0.01891452,-0.01,-,-,-,-,145.4,41.96078491,-,-,1110.25,-,36.98462319,4.69999981,2037.01733398,28,-,14.60000038
19-Jan-2023 13:34:16.601,-1.81854522,3.19621277,7.72941542,-0.10846186,0.11,-,-,-,-,145.4,44.31372452,-,-,888.5,-,36.98462319,4.6500001,2037.01733398,28,-,14.5
19-Jan-2023 13:34:17.601,-1.86400878,3.28714013,8.86480999,0.0013274,-0.02,-,-,-,-,145.4,44.31372452,-,-,888.5,-,41.33575533,4.48000002,2037.01733398,17,-,14.39999962
19-Jan-2023 13:34:18.601,-1.9387846,3.38644218,8.73021317,-0.00621825,0.05,-,-,-,-,145.4,46.27450943,-,-,1025,-,41.33575533,4.48000002,2037.01733398,14.5,-,14.60000038
19-Jan-2023 13:34:19.601,-1.89272273,3.24586391,8.20977402,-0.06063765,-0.11,-,-,-,-,143.6,42.35293961,-,-,830,-,42.64109497,4.48000002,2037.01733398,15,-,14.60000038
19-Jan-2023 13:34:20.601,-2.04167581,3.31824684,9.27816963,0.0447883,-0.05,-,-,-,-,143.6,43.52941132,-,-,939.75,-,39.16018926,4.42000008,2037.01733398,15,-,14.69999981
19-Jan-2023 13:34:21.601,-1.9495523,3.25064945,9.51505947,0.06306285,0.03,-,-,-,-,143.6,47.05882263,-,-,955.75,-,37.4197364,4.36999989,2037.01733398,15,-,14.60000038
19-Jan-2023 13:34:22.600,-1.9375881,3.19262362,9.80040359,0.08809787,0.1,-,-,-,-,143.6,47.05882263,-,-,990.25,-,36.11439676,4.30999994,2037.01733398,23.5,-,14.5
19-Jan-2023 13:34:23.601,-1.78026009,3.13998151,8.57168865,-0.03291845,0.1,-,-,-,-,143.6,44.31372452,-,-,981.5,-,36.54950998,4.30999994,2037.01733398,16,-,14.60000038
19-Jan-2023 13:34:24.601,-1.83230388,3.34755898,8.46042252,-0.03489566,0.04,-,-,-,-,143.6,45.09803772,-,-,977.75,-,38.28996283,4.36999989,2037.01733398,22.5,-,14.60000038
19-Jan-2023 13:34:25.601,-1.91306174,3.22971225,8.75653458,-0.00982666,0.02,-,-,-,-,140,41.5686264,-,-,977.75,-,38.28996283,4.26000023,2037.01733398,16,-,14.5
19-Jan-2023 13:34:26.600,-1.91306174,3.23928356,10.11625576,0.11921579,0.09,-,-,-,-,140,43.92156982,-,-,980.25,-,34.37394391,4.1500001,2037.01733398,23,-,14.60000038
19-Jan-2023 13:34:27.601,1.69830585,4.74317265,6.82552671,-0.1162194,0.19,-,-,-,-,140,43.13725662,-,-,914.75,-,34.37394391,4.1500001,2037.01733398,27.5,-,14.60000038
19-Jan-2023 13:34:28.602,0.32961133,4.10668182,8.43828869,-0.02378041,-0.01,-,-,-,-,140,43.13725662,-,-,879,-,41.77086854,4.09000015,2037.01733398,27.5,-,14.60000038
19-Jan-2023 13:34:29.600,0.41814575,4.35374069,9.02632523,0.04144412,0.02,-,-,-,-,140,45.88235474,-,-,879,-,41.77086854,4.09000015,2037.01733398,20.5,-,14.5
19-Jan-2023 13:34:30.601,0.10049855,4.46500683,9.39063263,0.07899743,0.06,-,-,-,-,140,40.7843132,-,-,907.5,-,38.72507605,4.09000015,2037.01733398,21.5,-,14.5
19-Jan-2023 13:34:31.602,0.14237295,4.53918457,9.73460102,-0.0455994,-0.06,-,-,-,-,140,42.35293961,-,-,1016.25,-,40.90064212,3.98000002,2037.01733398,21.5,-,14.19999981
19-Jan-2023 13:34:32.601,0.15493527,4.13659191,8.87497902,0.0172556,0,-,-,-,-,138.2,42.35293961,-,-,890,-,34.37394391,3.93000007,2037.01733398,22,-,14.10000038
19-Jan-2023 13:34:33.600,0.1680958,4.24127817,9.06281567,0.03913897,0.02,-,-,-,-,138.2,42.74509811,-,-,918.5,-,39.59530247,4.09000015,2037.01733398,18.5,-,14.30000019
19-Jan-2023 13:34:34.601,0.18963119,4.29750967,9.19322491,0.05364555,-0.01,-,-,-,-,138.2,42.74509811,-,-,987.25,-,40.03041569,3.93000007,2037.01733398,18,-,14.19999981
19-Jan-2023 13:34:35.601,0.15433706,4.26879549,8.96351337,0.03116101,0.02,-,-,-,-,138.2,41.96078491,-,-,825,-,44.38154783,3.86999989,2037.01733398,30.5,-,14.39999962
19-Jan-2023 13:34:36.601,0.09032906,4.2257247,9.30628586,0.060911,0.04,-,-,-,-,138.2,40.7843132,-,-,825,-,40.03041569,3.86999989,2037.01733398,19.5,-,14.5
19-Jan-2023 13:34:37.600,0.09212367,4.07198572,9.33440113,0.05715805,-0.02,-,-,-,-,138.2,40.39215851,-,-,987.75,-,40.90064212,3.93000007,2037.01733398,22,-,14.39999962
19-Jan-2023 13:34:38.600,0.1052842,3.79082918,8.13619518,-0.06595534,-0.01,-,-,-,-,138.2,45.49019623,-,-,949.75,-,40.90064212,3.93000007,2037.01733398,18,-,14.60000038
19-Jan-2023 13:34:39.601,0.18305093,3.96071959,9.10887718,0.0316816,-0.03,-,-,-,-,138.2,43.13725662,-,-,1006.25,-,39.16018926,3.93000007,2037.01733398,24,-,14.89999962
19-Jan-2023 13:34:40.601,0.03768696,3.97388029,9.03470039,0.02512676,0.05,-,-,-,-,138.2,40.7843132,-,-,849,-,43.94643461,3.70000005,2037.01733398,21,-,14.89999962
19-Jan-2023 13:34:41.601,-0.98703933,4.16829681,9.00897694,0.03587049,0,-,-,-,-,138.2,43.13725662,-,-,955,-,37.4197364,3.70000005,2037.01733398,27,-,14.60000038
19-Jan-2023 13:34:42.601,-0.94516492,4.02293301,9.21475983,0.04845625,0.02,-,-,-,-,138.2,42.35293961,-,-,949.75,-,37.85484962,3.58999991,2037.01733398,27,-,14.60000038
19-Jan-2023 13:34:43.600,-0.64067829,4.27956343,8.84805965,0.02302974,0,-,-,-,-,138.2,42.35293961,-,-,797.25,-,43.07620819,3.48000002,2037.01733398,25,-,14.5
19-Jan-2023 13:34:44.601,-0.72681987,4.19401979,9.25125027,0.05707353,0.03,-,-,-,-,138.2,41.17647171,-,-,889.5,-,36.98462319,3.48000002,2037.01733398,20.5,-,14.60000038
19-Jan-2023 13:34:45.601,-1.42193484,3.91645241,9.77647495,0.10231513,-0.05,-,-,-,-,138.2,40.39215851,-,-,889.5,-,44.38154783,3.36999989,2037.01733398,29.5,-,14.39999962
19-Jan-2023 13:34:46.601,-0.94456673,4.11206579,9.16152,0.04717165,-0.01,-,-,-,-,138.2,40.7843132,-,-,861.25,-,38.72507605,3.43000007,2037.01733398,20,-,14.69999981
19-Jan-2023 13:34:47.601,-1.15094769,3.70588398,8.56809998,-0.02219468,0.06,-,-,-,-,138.2,40.7843132,-,-,830.25,-,39.16018926,3.43000007,2037.01733398,32.5,-,14.5
19-Jan-2023 13:34:48.600,-1.92323124,3.73399973,8.01655388,-0.05844831,0.06,-,-,-,-,138.2,41.5686264,-,-,895.75,-,36.54950998,3.36999989,2037.01733398,19,-,14.69999981
19-Jan-2023 13:34:49.601,-1.78085828,4.05882549,9.21236706,0.06111723,0.01,-,-,-,-,138.2,40.39215851,-,-,791,-,36.54950998,3.43000007,2037.01733398,33,-,14.39999962
19-Jan-2023 13:34:50.601,-1.82452726,3.92482734,7.23469925,-0.12161756,-0.12,-,-,-,-,138.2,41.96078491,-,-,840.75,-,36.98462319,3.43000007,2037.01733398,30.5,-,14.39999962
19-Jan-2023 13:34:51.601,-1.83649135,3.62871552,7.54815912,-0.10698497,-0.05,-,-,-,-,138.2,41.5686264,-,-,887.25,-,38.28996283,3.36999989,2037.01733398,20.5,-,14.60000038
19-Jan-2023 13:34:52.601,-1.89990115,3.95772862,7.67796946,-0.0794242,0.04,-,-,-,-,138.2,44.31372452,-,-,944.5,-,37.85484962,3.31999993,2037.01733398,20.5,-,14.30000019
19-Jan-2023 13:34:53.600,-1.85324109,3.9840498,8.5148592,-0.00426686,0.02,-,-,-,-,138.2,44.31372452,-,-,848.5,-,36.54950998,3.31999993,2037.01733398,32.5,-,14.69999981
19-Jan-2023 13:34:54.600,-1.54277241,3.92901468,8.26062202,-0.03537387,-0.01,-,-,-,-,138.2,39.60784149,-,-,848.5,-,35.67928355,3.31999993,2037.01733398,33.5,-,14.30000019
19-Jan-2023 13:34:55.603,-1.86101782,3.80817723,9.56471062,0.08544248,0.06,-,-,-,-,138.2,41.17647171,-,-,771.5,-,40.90064212,3.43000007,2037.01733398,22.5,-,14.60000038
19-Jan-2023 13:34:56.601,-1.78983128,3.67358088,8.95693302,0.0225746,0,-,-,-,-,138.2,45.09803772,-,-,894,-,40.90064212,3.43000007,2037.01733398,26.5,-,14.5
19-Jan-2023 13:34:57.601,-1.76171565,3.59342146,9.33858871,0.05467767,0.03,-,-,-,-,138.2,43.52941132,-,-,939.25,-,36.98462319,3.36999989,2037.01733398,33.5,-,14.39999962
19-Jan-2023 13:34:58.601,-1.08993077,3.84466767,8.39761066,-0.03299177,-0.05,-,-,-,-,138.2,45.88235474,-,-,946.25,-,44.38154783,3.31999993,2037.01733398,27.5,-,14.39999962
19-Jan-2023 13:34:59.601,1.48055899,4.6779685,4.68753958,-0.28926688,0,-,-,-,-,138.2,43.52941132,-,-,907,-,37.4197364,3.43000007,2037.01733398,32.5,-,14.5
19-Jan-2023 13:35:00.601,0.76570326,4.06121826,8.51785088,-0.01591331,0.04,-,-,-,-,138.2,41.96078491,-,-,875.25,-,42.20598176,3.25999999,2037.01733398,32.5,-,14.5
19-Jan-2023 13:35:01.601,1.08155584,4.10309267,8.65184879,0.00130063,0,-,-,-,-,138.2,41.96078491,-,-,875.25,-,40.90064212,3.31999993,2037.01733398,27,-,13.80000019
19-Jan-2023 13:35:02.601,1.03130651,4.08813763,9.39182854,0.06841892,0,-,-,-,-,138.2,43.92156982,-,-,921.25,-,40.90064212,3.31999993,2037.01733398,24.5,-,14.60000038
19-Jan-2023 13:35:03.600,1.14855492,4.1754756,9.73639488,0.10524243,-0.04,-,-,-,-,138.2,41.96078491,-,-,932.25,-,36.11439676,3.31999993,2037.01733398,25,-,14.39999962
19-Jan-2023 13:35:04.600,0.89371926,4.07318258,9.1740818,0.04625446,0.07,-,-,-,-,138.2,44.31372452,-,-,998.25,-,40.90064212,3.31999993,2037.01733398,25,-,14.39999962
19-Jan-2023 13:35:05.601,0.86859465,3.87338161,8.29531765,-0.04357028,0.01,-,-,-,-,138.2,44.31372452,-,-,998.25,-,38.72507605,3.36999989,2037.01733398,24,-,14.60000038
19-Jan-2023 13:35:06.600,0.99900347,4.03130817,9.10708332,0.0393278,0.06,-,-,-,-,138.2,40,-,-,827.75,-,41.33575533,3.31999993,2037.01733398,20,-,14.69999981
19-Jan-2023 13:35:07.601,1.12941229,3.96311259,8.84447098,0.01363623,0,-,-,-,-,138.2,42.74509811,-,-,935,-,37.85484962,3.31999993,2037.01733398,32,-,14.39999962
19-Jan-2023 13:35:08.601,0.69810599,4.14855623,8.82233715,0.01533246,0,-,-,-,-,138.2,41.5686264,-,-,891.5,-,40.4655289,3.31999993,2037.01733398,32,-,14.30000019
19-Jan-2023 13:35:09.602,1.07677019,4.03011131,9.90568733,0.11463743,0,-,-,-,-,138.2,43.52941132,-,-,884.5,-,36.54950998,3.31999993,2037.01733398,33,-,14.89999962
19-Jan-2023 13:35:10.601,0.89431745,3.95114827,8.59023285,-0.01285011,-0.03,-,-,-,-,138.2,41.5686264,-,-,773.25,-,36.54950998,3.31999993,2037.01733398,24,-,14.60000038
19-Jan-2023 13:35:11.601,0.95174521,4.05164671,9.3122673,0.05875522,0.04,-,-,-,-,138.2,42.74509811,-,-,941.5,-,38.72507605,3.31999993,2037.01733398,21,-,14.60000038
19-Jan-2023 13:35:12.600,0.89730847,4.00139761,9.06341362,0.03306264,0.01,-,-,-,-,138.2,43.13725662,-,-,950.25,-,40.90064212,3.31999993,2037.01733398,33,-,14.60000038
19-Jan-2023 13:35:13.601,0.76989067,3.94277358,7.88255596,-0.07914519,0.05,-,-,-,-,138.2,43.13725662,-,-,957.75,-,42.64109497,3.21000004,2037.01733398,33,-,14.19999981
19-Jan-2023 13:35:14.601,1.07796657,3.8560338,8.80678368,0.00515854,0.01,-,-,-,-,138.2,42.74509811,-,-,957.75,-,42.64109497,3.21000004,2037.01733398,31,-,14.60000038
19-Jan-2023 13:35:15.601,0.78664047,4.01635265,9.23988438,0.04914361,0.03,-,-,-,-,138.2,44.31372452,-,-,939.5,-,40.90064212,3.31999993,2037.01733398,33.5,-,14.39999962
19-Jan-2023 13:35:16.601,0.95174521,3.8877387,9.27757168,-0.00042808,0.03,-,-,-,-,138.2,43.52941132,-,-,865.25,-,28.28235891,3.31999993,2037.01733398,22,-,14.39999962
19-Jan-2023 13:35:17.602,0.82133639,3.90329194,8.41854858,-0.03138757,-0.01,-,-,-,-,138.2,41.96078491,-,-,816.5,-,39.59530247,3.31999993,2037.01733398,28.5,-,14.30000019
19-Jan-2023 13:35:18.601,0.94337034,3.99362111,10.14736271,0.13476759,0.1,-,-,-,-,138.2,42.74509811,-,-,852.75,-,40.4655289,3.36999989,2037.01733398,28.5,-,14.60000038
19-Jan-2023 13:35:19.601,0.83928251,4.07198572,9.33918667,0.06108063,-0.01,-,-,-,-,138.2,42.74509811,-,-,912.25,-,38.72507605,3.21000004,2037.01733398,26.5,-,14.5
19-Jan-2023 13:35:20.601,1.18325078,3.72024107,9.07597637,0.02613157,0.07,-,-,-,-,138.2,43.52941132,-,-,353.5,-,40.4655289,3.36999989,2037.01733398,33,-,13.19999981
19-Jan-2023 13:35:21.601,0.85962152,3.97507668,9.46660423,0.06927937,-0.30000001,-,-,-,-,138.2,56.07843018,-,-,353.5,-,40.4655289,3.36999989,2037.01733398,22.5,-,13.89999962
19-Jan-2023 13:35:22.600,1.0331012,3.48454809,7.28016281,-0.15154421,-0.07,-,-,-,-,138.2,57.64706039,-,-,713.75,-,40.4655289,3.75999999,2037.01733398,25.5,-,13.89999962
19-Jan-2023 13:35:23.601,1.06899357,3.51505637,7.54456997,-0.12558746,0.14,-,-,-,-,138.2,56.86274338,-,-,786.75,-,37.85484962,3.21000004,2037.01733398,25.5,-,15.39999962
19-Jan-2023 13:35:24.600,0.1477568,3.02692056,9.17707348,0.00416917,-0.01,-,-,-,-,138.2,53.33333206,-,-,518.75,-,37.85484962,4.1500001,2037.01733398,24,-,13.80000019
19-Jan-2023 13:35:25.601,0.00777667,2.93240404,9.09452057,-0.00693345,-0.02,-,-,-,-,138.2,52.54901886,-,-,716.5,-,42.64109497,4.26000023,2037.01733398,21.5,-,14
19-Jan-2023 13:35:26.601,-0.01375873,3.00897455,9.30688381,0.0160659,0,-,-,-,-,138.2,52.54901886,-,-,716.5,-,42.64109497,4.03999996,2037.01733398,22,-,14.69999981
19-Jan-2023 13:35:27.601,-0.09032906,2.90787768,9.92841911,0.0736267,-0.02,-,-,-,-,138.2,54.90196228,-,-,813.75,-,40.90064212,4.48000002,2297.1472168,21.5,-,14
19-Jan-2023 13:35:28.601,-0.11784652,3.19920397,10.34836006,0.12320346,-0.01,-,-,-,-,138.2,53.33333206,-,-,594,-,35.67928355,4.36999989,2297.1472168,22.5,-,13.5
19-Jan-2023 13:35:29.601,0.00658026,3.21116805,8.66859818,-0.03867036,0.07,-,-,-,-,138.2,50.19607925,-,-,800.25,-,35.67928355,4.36999989,2297.1472168,22.5,-,13.5
19-Jan-2023 13:35:30.601,-0.29072794,3.14596367,9.57487965,0.04679352,0,-,-,-,-,138.2,54.90196228,-,-,846.25,-,35.24417033,4.53999996,2297.1472168,23.5,-,13.5
19-Jan-2023 13:35:31.601,-0.15433706,4.03070974,9.57009411,0.0776574,-0.08,-,-,-,-,138.2,51.37254715,-,-,653.75,-,34.37394391,4.80999994,2297.1472168,22,-,14.39999962
19-Jan-2023 13:35:32.604,-0.0418744,3.3003006,8.28275585,-0.07211596,-0.08,-,-,-,-,138.2,50.58823395,-,-,770.25,-,36.54950998,4.80999994,2297.1472168,22,-,14.60000038
19-Jan-2023 13:35:33.600,0.20159531,3.64187598,8.29113007,-0.05766004,-0.04,-,-,-,-,138.2,50.58823395,-,-,703.25,-,38.28996283,4.86999989,2297.1472168,20.5,-,14.30000019
19-Jan-2023 13:35:34.600,-0.19621146,3.23509622,9.99123096,0.08971995,-0.06,-,-,-,-,138.2,50.19607925,-,-,703.25,-,40.4655289,4.86999989,2297.1472168,15.5,-,14
19-Jan-2023 13:35:35.601,0.02333002,3.23808718,10.11924744,0.10205108,-0.05,-,-,-,-,138.2,52.94117737,-,-,873,-,40.4655289,4.86999989,2297.1472168,16.5,-,14.19999981
19-Jan-2023 13:35:36.600,-0.01316052,3.40020108,8.20379257,-0.07574761,0,-,-,-,-,138.2,50.98039246,-,-,873,-,36.54950998,4.76000023,2297.1472168,22.5,-,14.19999981
19-Jan-2023 13:35:37.600,-0.15613168,3.34755898,8.51545715,-0.04816115,-0.06,-,-,-,-,138.2,52.15686417,-,-,731.25,-,41.33575533,4.86999989,2297.1472168,23,-,14
19-Jan-2023 13:35:38.601,-0.33140594,3.43609333,8.10389233,-0.08308995,-0.1,-,-,-,-,138.2,51.37254715,-,-,797,-,39.59530247,5.03000021,2297.1472168,23,-,13.60000038
19-Jan-2023 13:35:39.601,-0.28833511,3.85902476,9.22851849,0.03908509,0.02,-,-,-,-,138.2,65.09803772,-,-,940.25,-,44.38154783,4.80999994,2297.1472168,23.5,-,14.60000038
19-Jan-2023 13:35:40.600,-0.12981063,5.86720133,8.36590576,0.06069869,0.04,-,-,-,-,138.2,72.15686035,-,-,1730.75,-,37.4197364,15.06000042,2297.1472168,14.5,-,14.60000038
19-Jan-2023 13:35:41.600,-0.03888337,5.36829758,8.53041267,0.04643017,0.05,-,-,-,-,138.2,63.92156982,-,-,2099,-,39.16018926,15.06000042,2326.45581055,28,-,14.69999981
19-Jan-2023 13:35:42.601,-0.13220344,4.70728016,8.83848858,0.03986961,0.07,-,-,-,-,138.2,60,-,-,2254.25,-,39.59530247,21.04000092,2363.98999023,30.5,-,14.60000038
19-Jan-2023 13:35:43.601,-0.25064817,4.56610394,8.90608597,0.03954202,0.08,-,-,-,-,140,60,-,-,2669,-,40.90064212,22.20000076,2391.69604492,32,-,14.60000038
19-Jan-2023 13:35:44.601,-0.08075777,4.5050869,8.58604622,0.00743228,-0.02,-,-,-,-,140,56.07843018,-,-,2477.5,-,40.03041569,24.63999939,2430.66503906,32,-,14.60000038
19-Jan-2023 13:35:45.602,0.3702893,4.40040064,8.1696949,-0.03433394,0,-,-,-,-,143.6,67.84313965,-,-,2364.25,-,39.16018926,25.46999931,2430.66503906,30,-,14.60000038
19-Jan-2023 13:35:46.600,-0.10408778,4.51764917,9.83749199,0.12253934,-0.12,-,-,-,-,143.6,72.54901886,-,-,2459,-,40.03041569,26.35000038,2456.84375,29,-,14.60000038
19-Jan-2023 13:35:47.601,0.23150559,5.24805832,10.50030422,0.21584433,0.16,-,-,-,-,145.4,75.68627167,-,-,2459,-,40.03041569,26.35000038,2500.25390625,27,-,14.60000038
19-Jan-2023 13:35:48.601,0.74715889,4.95254469,11.22054386,0.27156454,0.14,-,-,-,-,145.4,79.60784149,-,-,2614,-,41.33575533,30.55999947,2530.484375,27,-,14.5
19-Jan-2023 13:35:49.601,-0.46719861,4.60020161,8.37368298,-0.00592411,-0.05,-,-,-,-,145.4,79.60784149,-,-,2657.5,-,41.33575533,31.38999939,2577.86401367,27.5,-,14.60000038
19-Jan-2023 13:35:50.601,0.22911277,4.56371117,8.80917645,0.03059906,0.01,-,-,-,-,150.8,79.60784149,-,-,2753.25,-,39.59530247,31.55999947,2601.62548828,27.5,-,14.60000038
19-Jan-2023 13:35:51.601,0.15254244,4.1539402,8.18046284,-0.04563081,-0.06,-,-,-,-,150.8,78.8235321,-,-,2841.75,-,39.16018926,31.94000053,2631.69921875,27,-,14.60000038
19-Jan-2023 13:35:52.601,0.23509483,4.64745998,9.32124043,0.0810017,0.06,-,-,-,-,150.8,79.21568298,-,-,2941,-,39.16018926,32.38999939,2661.17675781,27,-,14.60000038
19-Jan-2023 13:35:53.600,0.21475583,4.17726994,8.53998375,-0.01165116,-0.03,-,-,-,-,150.8,76.86274719,-,-,3024,-,39.16018926,32.83000183,2700.38208008,27,-,14.60000038
19-Jan-2023 13:35:54.601,0.02751746,4.06301308,9.46002388,0.06850785,-0.08,-,-,-,-,156.2,74.50980377,-,-,3122.25,-,39.59530247,32.83000183,2732.29150391,27,-,14.60000038
19-Jan-2023 13:35:55.601,0.0951147,3.89491701,9.192626,0.03675503,0,-,-,-,-,156.2,69.41176605,-,-,3216,-,39.59530247,32.83000183,2757.37963867,28.5,-,14.60000038
19-Jan-2023 13:35:56.601,0.05144569,4.26400995,9.33739185,0.06538659,-0.07,-,-,-,-,156.2,74.11764526,-,-,2539.75,-,39.59530247,28.18000031,2793.43066406,29,-,14.60000038
19-Jan-2023 13:35:57.601,-0.28354949,3.80937362,8.84327412,0.00095999,-0.03,-,-,-,-,163.4,73.33333588,-,-,2572,-,39.59530247,28.18000031,2814.36865234,24.5,-,14.60000038
19-Jan-2023 13:35:58.600,-0.17467605,4.10249424,10.71924686,0.1891138,0.04,-,-,-,-,163.4,73.33333588,-,-,2600.5,-,39.16018926,27.35000038,2834.91259766,26,-,14.60000038
19-Jan-2023 13:35:59.602,0.01196411,3.56470752,9.63470078,0.06619769,-0.08,-,-,-,-,163.4,67.45098114,-,-,2574.5,-,39.59530247,22.13999939,2875.66259766,29,-,14.60000038
19-Jan-2023 13:36:00.600,0.59581286,3.35772848,8.01475906,-0.09312117,0.07,-,-,-,-,167,37.25490189,-,-,2074,-,40.4655289,15.32999992,2905.92333984,34,-,14.60000038
19-Jan-2023 13:36:01.601,0.03948157,3.03709006,8.26540756,-0.08336312,-0.08,-,-,-,-,167,37.25490189,-,-,2022.5,-,39.59530247,13.22999954,2920.88696289,38.5,-,14.60000038
19-Jan-2023 13:36:02.601,0.27337998,3.24406934,8.84865856,-0.01988423,0.01,-,-,-,-,167,38.4313736,-,-,1957,-,40.03041569,9.90999985,2948.95996094,42,-,14.60000038
19-Jan-2023 13:36:03.600,0.06999006,3.20159674,7.96630478,-0.10578412,0.04,-,-,-,-,167,35.68627548,-,-,2008,-,38.72507605,10.96000004,2948.95996094,42,-,14.60000038
19-Jan-2023 13:36:04.601,-0.07657032,3.38464761,8.01595592,-0.09399027,-0.09,-,-,-,-,167,35.68627548,-,-,2019.25,-,40.03041569,13.39000034,2838.51806641,37,-,14.60000038
19-Jan-2023 13:36:05.601,0.22552353,3.89730978,9.82911682,0.09708184,0.07,-,-,-,-,167,38.4313736,-,-,1739.5,-,38.72507605,13.67000008,2735.77954102,34.5,-,14.60000038
19-Jan-2023 13:36:06.600,0.14117654,3.80099869,10.06062317,0.11539489,0.09,-,-,-,-,167,38.82352829,-,-,1736,-,41.33575533,13.84000015,2577.94677734,34.5,-,14.60000038
19-Jan-2023 13:36:07.601,-0.17467605,3.71306252,9.30987453,0.04086798,0.02,-,-,-,-,167,40,-,-,1728,-,42.20598176,13.01000023,2502.45996094,35,-,14.60000038
19-Jan-2023 13:36:08.601,0.05682954,3.66759896,8.03689289,-0.08045226,-0.09,-,-,-,-,167,39.60784149,-,-,1715.75,-,39.59530247,12.84000015,2446.1418457,35.5,-,14.60000038
19-Jan-2023 13:36:09.601,-0.01734796,3.92542553,8.35035324,-0.04042846,0.08,-,-,-,-,167,40,-,-,1705.5,-,40.90064212,12.94999981,2392.49487305,34.5,-,14.5
19-Jan-2023 13:36:10.600,0.20518455,3.82791805,10.10488987,0.12069041,0,-,-,-,-,167,40,-,-,1677,-,39.59530247,12.84000015,2296.40625,34.5,-,14.60000038
19-Jan-2023 13:36:11.602,0.42652065,4.08155727,9.73699379,0.09611112,0,-,-,-,-,167,40,-,-,1664.25,-,37.85484962,12.84000015,2296.40625,34.5,-,14.60000038
19-Jan-2023 13:36:12.600,0.18005991,3.75194597,9.36550808,0.0476138,0.08,-,-,-,-,167,40,-,-,1655.25,-,39.59530247,12.72999954,2185.58935547,34.5,-,14.60000038
19-Jan-2023 13:36:13.600,0.33858439,3.62333179,9.62812042,0.06822568,0.03,-,-,-,-,167,35.29411697,-,-,1820.75,-,39.59530247,6.92000008,2135.79248047,35,-,14.60000038
19-Jan-2023 13:36:14.600,0.03349952,2.90129757,9.36191845,0.01810628,-0.06,-,-,-,-,167,35.29411697,-,-,1681.5,-,40.4655289,5.36999989,2083.25292969,39,-,14.60000038
19-Jan-2023 13:36:15.600,0.19561325,3.30448818,10.56969547,0.14804548,0.06,-,-,-,-,167,34.11764526,-,-,1635,-,37.4197364,5.13999987,2033.52526855,39.5,-,14.5
19-Jan-2023 13:36:16.601,-0.01794617,2.71046996,9.5066843,0.02670079,0.05,-,-,-,-,167,34.90196228,-,-,1635,-,40.90064212,5.13999987,1993.44335938,39.5,-,14.5
19-Jan-2023 13:36:17.601,0.06101698,2.4382863,9.48275566,0.01710445,0.07,-,-,-,-,165.2,35.29411697,-,-,1526.25,-,38.28996283,4.92000008,1993.44335938,40,-,14.5
19-Jan-2023 13:36:18.601,0.0849452,2.29950261,9.72861862,0.03806692,-0.02,-,-,-,-,165.2,36.07843018,-,-,1526.25,-,39.59530247,4.80999994,1952.40197754,40,-,14.60000038
19-Jan-2023 13:36:19.601,0.18185452,2.27796721,10.29571724,0.09405392,0.07,-,-,-,-,165.2,36.47058868,-,-,1526.25,-,39.59530247,4.80999994,1908.34289551,40,-,14.60000038
19-Jan-2023 13:36:20.601,0.5102694,2.23908377,9.7070837,0.03582317,0.01,-,-,-,-,163.4,37.25490189,-,-,1334,-,37.4197364,4.6500001,1875.75292969,38.5,-,14.60000038
19-Jan-2023 13:36:21.601,-0.17228323,1.81495595,10.22871876,0.07811517,0.05,-,-,-,-,163.4,38.03921509,-,-,1279.5,-,39.16018926,4.69999981,1854.57653809,37.5,-,14.60000038
19-Jan-2023 13:36:22.601,0.19561325,2.35872483,9.05623531,-0.02682996,0.02,-,-,-,-,161.6,37.64706039,-,-,1261.75,-,39.59530247,4.69999981,1834.71936035,37.5,-,14.5
19-Jan-2023 13:36:23.601,0.19142582,3.46540546,9.45164967,0.04537421,0,-,-,-,-,161.6,38.03921509,-,-,1271.75,-,40.90064212,4.69999981,1821.92883301,38.5,-,14.5
19-Jan-2023 13:36:24.600,0.1058824,4.20957327,9.28474998,0.05824703,-0.02,-,-,-,-,161.6,38.03921509,-,-,1297.25,-,38.28996283,5.98000002,1808.17272949,37.5,-,14.60000038
19-Jan-2023 13:36:25.601,0.30568311,5.12841702,8.99402237,0.07485336,0,-,-,-,-,161.6,79.21568298,-,-,2244,-,39.16018926,22.80999947,1822.625,23,-,14.60000038
19-Jan-2023 13:36:26.601,-0.07477571,4.98783875,8.2576313,0.00242651,0.13,-,-,-,-,161.6,73.33333588,-,-,2369.5,-,40.03041569,26.79000092,1840.72924805,21.5,-,14.5
19-Jan-2023 13:36:27.601,0.04606184,4.60319233,8.44786072,-0.00029677,0.02,-,-,-,-,161.6,73.33333588,-,-,2450.75,-,39.59530247,26.56999969,1858.88513184,24,-,14.60000038
19-Jan-2023 13:36:28.601,-0.33858439,5.42452908,6.02273464,-0.15403253,0.02,-,-,-,-,161.6,70.98039246,-,-,2528.5,-,40.03041569,26.79000092,1883.30322266,25.5,-,14.60000038
19-Jan-2023 13:36:29.601,1.62652123,3.40438843,11.99342537,0.30064064,-0.23,-,-,-,-,161.6,70.98039246,-,-,2528.5,-,39.59530247,27.18000031,1883.30322266,26.5,-,14.60000038
19-Jan-2023 13:36:30.601,-1.74496591,3.39003158,8.91924667,0.00778788,-0.1,-,-,-,-,161.6,60.7843132,-,-,2708.5,-,39.59530247,27.18000031,1897.82043457,29,-,14.60000038
19-Jan-2023 13:36:31.600,0.08733802,6.28654337,7.45543718,0.01314139,0.04,-,-,-,-,161.6,52.15686417,-,-,2292,-,40.03041569,20.31999969,1920.54846191,31.5,-,14.60000038
19-Jan-2023 13:36:32.600,1.30528474,6.54556656,7.93639469,0.07607311,-0.01,-,-,-,-,161.6,52.94117737,-,-,2250.75,-,39.16018926,19.70999908,1947.57556152,33.5,-,14.60000038
19-Jan-2023 13:36:33.601,-0.06759724,4.72761917,7.9088769,-0.04171294,0.01,-,-,-,-,163.4,60.39215851,-,-,2063.25,-,39.16018926,17.15999985,1966.11083984,33.5,-,14.60000038
19-Jan-2023 13:36:34.600,-2.62313175,4.37168694,5.92163801,-0.18446803,-0.08,-,-,-,-,163.4,44.70588303,-,-,2082,-,38.28996283,17.15999985,1989.66638184,35.5,-,14.60000038
19-Jan-2023 13:36:35.600,2.65064931,3.40977216,8.58185863,-0.00165957,0,-,-,-,-,163.4,56.47058868,-,-,2083.75,-,38.72507605,18.20999908,2018.27685547,34.5,-,14.60000038
19-Jan-2023 13:36:36.601,-0.04905286,3.20518589,9.49591637,0.040649,-0.01,-,-,-,-,165.2,48.23529434,-,-,2083.75,-,38.72507605,17.77000046,2045.15734863,34.5,-,14.60000038
19-Jan-2023 13:36:37.600,-0.44865423,3.03589368,9.50249672,0.03691632,-0.07,-,-,-,-,165.2,36.07843018,-,-,2091.25,-,38.72507605,16.71999931,2067.38037109,38,-,14.60000038
19-Jan-2023 13:36:38.601,-0.30269206,2.98624277,9.30748177,0.01589018,-0.06,-,-,-,-,165.2,36.07843018,-,-,2095.5,-,39.16018926,16.32999992,2085.36425781,38,-,14.60000038
19-Jan-2023 13:36:39.601,-0.04426722,2.8743782,8.59980488,-0.05668193,-0.07,-,-,-,-,165.2,36.47058868,-,-,2052.5,-,40.4655289,13.72999954,2085.36425781,37.5,-,14.60000038
19-Jan-2023 13:36:40.601,2.27437782,3.1513474,9.1226368,0.02980131,0.01,-,-,-,-,165.2,37.25490189,-,-,2052.5,-,40.4655289,13.72999954,2107.41381836,38.5,-,14.60000038
19-Jan-2023 13:36:41.601,-0.24167509,2.59202504,9.68614578,0.04141349,0.02,-,-,-,-,165.2,35.29411697,-,-,1847.5,-,39.16018926,8.25,2120.35595703,42,-,14.60000038
19-Jan-2023 13:36:42.601,-0.15373886,2.51545477,9.44626522,0.01560134,0,-,-,-,-,165.2,34.11764526,-,-,1792.5,-,37.4197364,6.86000013,2083.39453125,39,-,14.60000038
19-Jan-2023 13:36:43.601,0.38644084,2.51425838,9.61137009,0.0324859,-0.11,-,-,-,-,165.2,34.11764526,-,-,1795.75,-,37.85484962,6.25,2100.14013672,39,-,14.60000038
19-Jan-2023 13:36:44.602,0.42891344,2.59501624,8.97787094,-0.02735829,0.08,-,-,-,-,165.2,34.11764526,-,-,1797.5,-,39.16018926,5.63999987,2124.47192383,40,-,14.60000038
19-Jan-2023 13:36:45.602,0.5910272,2.5453651,9.44985485,0.01843792,0.04,-,-,-,-,165.2,34.11764526,-,-,1821.25,-,37.4197364,5.80999994,2095.38500977,40,-,14.60000038
19-Jan-2023 13:36:46.601,0.43429732,2.45862532,10.04985523,0.07459003,0.04,-,-,-,-,165.2,33.72549057,-,-,1855.75,-,38.72507605,5.75,2120.33642578,40,-,14.60000038
19-Jan-2023 13:36:47.602,0.01495514,2.25523543,9.46720314,0.01106155,-0.04,-,-,-,-,165.2,32.54901886,-,-,1883.25,-,38.28996283,5.86000013,2143.8762207,40,-,14.39999962
19-Jan-2023 13:36:48.602,-0.47318068,1.85443759,8.80917645,-0.06207258,0.14,-,-,-,-,165.2,32.94117737,-,-,1911.25,-,39.16018926,5.80999994,2168.76855469,40,-,14.5
19-Jan-2023 13:36:49.601,0.29970104,2.54955244,10.44467068,0.11538309,0.01,-,-,-,-,163.4,32.94117737,-,-,1940.75,-,39.59530247,5.98000002,2193.20556641,40,-,14.5
19-Jan-2023 13:36:50.601,0.36729828,2.60458755,9.99123096,0.07217771,0.04,-,-,-,-,163.4,32.54901886,-,-,1962.25,-,39.59530247,6.03000021,2221.68847656,40,-,14.5
19-Jan-2023 13:36:51.601,-0.0107677,2.25104785,8.31027317,-0.10334861,-0.09,-,-,-,-,163.4,32.54901886,-,-,1962.25,-,40.90064212,6.03000021,2221.68847656,40,-,14.5
19-Jan-2023 13:36:52.601,-0.39062831,2.51246381,8.72423172,-0.05467951,-0.07,-,-,-,-,163.4,32.54901886,-,-,1984,-,38.28996283,6.09000015,2211.09985352,40,-,14.60000038
19-Jan-2023 13:36:53.602,0.0735793,2.82951283,9.27158928,0.00717682,-0.01,-,-,-,-,163.4,32.15686417,-,-,2041.75,-,38.72507605,6.09000015,2234.84057617,40,-,14.60000038
19-Jan-2023 13:36:54.601,0.04307081,2.30668092,8.19063187,-0.11358386,-0.13,-,-,-,-,163.4,32.54901886,-,-,2071.25,-,40.4655289,6.13999987,2290.07739258,40,-,14.60000038
19-Jan-2023 13:36:55.601,0.40319061,2.55732918,10.3214407,0.1037274,0.08,-,-,-,-,161.6,32.15686417,-,-,2093.75,-,37.85484962,6.25,2290.07739258,40,-,14.60000038
19-Jan-2023 13:36:56.602,0.28534409,2.58544493,9.6376915,0.03658777,0.11,-,-,-,-,161.6,31.76470566,-,-,2107.75,-,39.59530247,6.25,2274.64257812,40,-,14.60000038
19-Jan-2023 13:36:57.601,-0.39182472,2.50887465,8.34915638,-0.09142178,0.01,-,-,-,-,161.6,31.76470566,-,-,2128.25,-,39.59530247,6.09000015,2244.73999023,40,-,14.60000038
19-Jan-2023 13:36:58.601,0.56350976,2.53998113,10.28614616,0.10055774,-0.12,-,-,-,-,161.6,31.76470566,-,-,2123.25,-,36.98462319,6.25,2266.89624023,40,-,14.60000038
19-Jan-2023 13:36:59.601,0.16570297,2.58963227,9.12861824,-0.01359177,-0.05,-,-,-,-,161.6,31.76470566,-,-,2124.5,-,40.03041569,6.13999987,2237.92333984,40,-,14.60000038
19-Jan-2023 13:37:00.601,-0.02751746,2.81515574,9.65563774,0.044249,0,-,-,-,-,161.6,31.76470566,-,-,2124.5,-,40.03041569,6.13999987,2237.92333984,40,-,14.60000038
19-Jan-2023 13:37:01.601,0.28893334,2.52921343,9.9080801,0.06180125,0.02,-,-,-,-,161.6,31.76470566,-,-,2128.25,-,37.4197364,6.36000013,2161.65820312,40,-,14.60000038
19-Jan-2023 13:37:02.602,0.22552353,2.59621263,9.19501877,-0.00677246,0.06,-,-,-,-,158,31.76470566,-,-,2099,-,38.72507605,6.36000013,2131.89550781,40,-,14.60000038
19-Jan-2023 13:37:03.602,-0.46779683,2.95573425,9.19561768,0.00475878,0.03,-,-,-,-,158,32.15686417,-,-,2087.25,-,38.72507605,6.19999981,2108.6340332,40,-,14.60000038
19-Jan-2023 13:37:04.601,-0.32781669,2.57407904,8.69312477,-0.05621493,-0.04,-,-,-,-,158,32.15686417,-,-,2050.25,-,38.72507605,6.25,2084.29931641,40,-,14.60000038
19-Jan-2023 13:37:05.600,0.19561325,2.63808703,9.4247303,0.01685297,0.06,-,-,-,-,158,32.54901886,-,-,2040.75,-,39.59530247,6.09000015,2058.92016602,40,-,14.60000038
19-Jan-2023 13:37:06.601,0.29850462,2.61475706,9.44806004,0.01877028,0,-,-,-,-,158,32.15686417,-,-,2135.5,-,39.16018926,10.06999969,2029.54016113,36.5,-,14.60000038
19-Jan-2023 13:37:07.601,0.64008003,2.66081882,9.04307461,-0.01788956,-0.03,-,-,-,-,158,33.33333206,-,-,2142.75,-,38.72507605,10.28999996,2007.63891602,38,-,14.60000038
19-Jan-2023 13:37:08.602,0.24586253,2.67397928,8.70030308,-0.05283827,-0.07,-,-,-,-,158,32.94117737,-,-,2050.75,-,38.72507605,7.36000013,1983.07678223,40,-,14.60000038
19-Jan-2023 13:37:09.601,0.07477571,2.40478683,7.25743103,-0.20160741,-0.22,-,-,-,-,158,32.54901886,-,-,2002,-,38.72507605,6.46999979,1956.27636719,40,-,14.60000038
19-Jan-2023 13:37:10.601,0.25902304,2.79601336,10.46560764,0.12356275,0,-,-,-,-,158,32.94117737,-,-,2085,-,39.16018926,9.13000011,1936.37524414,40,-,14.60000038
19-Jan-2023 13:37:11.601,0.07657032,2.92941308,8.07398224,-0.10543168,0.07,-,-,-,-,158,33.72549057,-,-,2095.5,-,37.85484962,10.63000011,1913.90881348,38,-,14.60000038
19-Jan-2023 13:37:12.600,-0.00897309,2.33300209,7.21854782,-0.2076872,-0.17,-,-,-,-,158,34.50980377,-,-,2050.25,-,40.90064212,8.13000011,1877.98217773,38,-,14.60000038
19-Jan-2023 13:37:13.600,0.4103691,3.17707038,11.34676456,0.22086567,0.03,-,-,-,-,158,34.11764526,-,-,2141.5,-,37.85484962,12.84000015,1877.98217773,37.5,-,14.60000038
19-Jan-2023 13:37:14.600,0.0951147,2.8743782,9.79681396,0.05979747,0,-,-,-,-,158,35.29411697,-,-,2141.5,-,39.59530247,13.67000008,1851.78308105,33.5,-,14.60000038
19-Jan-2023 13:37:15.601,-0.08973085,3.44626284,9.970294,0.0943802,0.02,-,-,-,-,161.6,36.07843018,-,-,2141.5,-,38.72507605,13.67000008,1831.4675293,34.5,-,14.60000038
19-Jan-2023 13:37:16.601,0.52402818,3.15374017,8.85583687,-0.02124178,0.09,-,-,-,-,161.6,57.25490189,-,-,1834.5,-,39.16018926,17.94000053,1806.48156738,31,-,14.60000038
19-Jan-2023 13:37:17.601,0.52283174,3.42592382,8.66500854,-0.02969056,0.08,-,-,-,-,161.6,64.70587921,-,-,1860.5,-,40.03041569,20.09000015,1829.68847656,31,-,14.60000038
19-Jan-2023 13:37:18.601,0.73519474,3.11425877,10.19402313,0.10813743,0.05,-,-,-,-,161.6,75.68627167,-,-,1869.75,-,40.03041569,21.09000015,1793.64050293,23.5,-,14.60000038
19-Jan-2023 13:37:19.601,0.52283174,3.33140731,9.38345432,0.03541178,0.03,-,-,-,-,161.6,74.50980377,-,-,1865.5,-,40.03041569,21.09000015,1777.50585938,22.5,-,14.60000038
19-Jan-2023 13:37:20.601,0.51744789,3.34636235,9.48395252,0.04553562,0.06,-,-,-,-,161.6,74.90196228,-,-,1863.25,-,38.72507605,22.13999939,1757.89599609,23.5,-,14.5
19-Jan-2023 13:37:21.601,0.4235296,2.55314183,9.79860878,0.0520913,0.03,-,-,-,-,163.4,74.90196228,-,-,1947.5,-,39.59530247,7.40999985,1740.24365234,22.5,-,14.60000038
19-Jan-2023 13:37:22.602,0.92422777,3.25543523,9.13101101,0.01165408,0,-,-,-,-,165.2,33.72549057,-,-,1947.5,-,39.59530247,7.40999985,1740.24365234,25,-,14.5
19-Jan-2023 13:37:23.600,0.68913293,3.14716005,10.80957603,0.16879302,0.15000001,-,-,-,-,165.2,67.45098114,-,-,2411.5,-,38.72507605,25.02000046,1709.97070312,27,-,14.60000038
19-Jan-2023 13:37:24.601,-0.23748764,3.34157681,9.58385277,0.05391091,0.02,-,-,-,-,165.2,72.15686035,-,-,2262.25,-,38.72507605,20.54000092,1696.10510254,23.5,-,14.60000038
19-Jan-2023 13:37:25.601,0.05922236,3.65683126,9.83569717,0.08868986,0.06,-,-,-,-,165.2,79.60784149,-,-,1697.75,-,37.4197364,27.62999916,1684.2479248,16.5,-,14.60000038
19-Jan-2023 13:37:26.602,0.44566321,3.39182615,9.81655502,0.07869095,-0.07,-,-,-,-,165.2,77.64705658,-,-,2427.75,-,41.33575533,31.38999939,1665.76745605,23,-,14.60000038
19-Jan-2023 13:37:27.602,0.72023964,3.70109844,8.63509846,-0.02050978,-0.04,-,-,-,-,165.2,84.31372833,-,-,2510.75,-,40.4655289,31.38999939,1654.41333008,20.5,-,14.60000038
19-Jan-2023 13:37:28.601,0.61794645,3.43250418,9.24167919,0.02591974,-0.02,-,-,-,-,167,84.70587921,-,-,2718.25,-,40.03041569,33.43999863,1638.03710938,21,-,14.60000038
19-Jan-2023 13:37:29.602,0.30089745,3.56171656,9.37986469,0.04222518,0.02,-,-,-,-,167,85.09803772,-,-,2734,-,39.59530247,30.01000023,1623.859375,22.5,-,14.60000038
19-Jan-2023 13:37:30.601,0.1381855,3.49950314,9.21954536,0.02433473,-0.01,-,-,-,-,167,74.50980377,-,-,2708.5,-,40.4655289,30.01000023,1610.68115234,24.5,-,14.60000038
19-Jan-2023 13:37:31.601,0.2434697,3.17886496,9.2303133,0.01445413,0.05,-,-,-,-,167,55.68627548,-,-,2631.5,-,40.4655289,18.10000038,1594.97644043,31.5,-,14.60000038
19-Jan-2023 13:37:32.601,0.37328035,3.05324173,9.27757168,0.01535046,0,-,-,-,-,167,45.49019623,-,-,2167,-,39.59530247,18.10000038,1573.21472168,33.5,-,14.60000038
19-Jan-2023 13:37:33.601,0.63290161,3.20398951,9.54796028,0.04765111,0,-,-,-,-,167,44.70588303,-,-,2178.25,-,39.59530247,19.70999908,1590.63293457,34,-,14.60000038
19-Jan-2023 13:37:34.601,0.34995031,2.9599216,9.72861862,0.05620188,0,-,-,-,-,167,60.39215851,-,-,2282.25,-,40.03041569,21.70000076,1609.83447266,32.5,-,14.60000038
19-Jan-2023 13:37:35.601,-0.00299103,2.94735932,8.86002445,-0.02917576,0.03,-,-,-,-,167,58.82352829,-,-,1830,-,40.4655289,19.93000031,1629.49804688,28,-,14.60000038
19-Jan-2023 13:37:36.601,0.02691926,3.15015101,8.76191807,-0.03186285,0.04,-,-,-,-,168.8,43.13725662,-,-,1774.25,-,40.4655289,15.55000019,1647.87487793,32,-,14.60000038
19-Jan-2023 13:37:37.601,-0.02931208,3.03649187,9.70229721,0.05533034,-0.06,-,-,-,-,168.8,39.2156868,-,-,1823,-,38.72507605,12.94999981,1667.80200195,38.5,-,14.60000038
19-Jan-2023 13:37:38.601,-0.32482567,2.80558443,9.21655464,0.00162888,-0.01,-,-,-,-,167,37.25490189,-,-,1857.75,-,38.72507605,11.23999977,1684.9017334,43,-,14.60000038
19-Jan-2023 13:37:39.601,0.38823548,2.98803735,10.1904335,0.10223871,0.08,-,-,-,-,167,32.54901886,-,-,1992,-,40.90064212,6.46999979,1703.04150391,42,-,14.60000038
19-Jan-2023 13:37:40.602,0.00897309,2.87378001,9.50967503,0.03168243,0.01,-,-,-,-,167,32.54901886,-,-,2028,-,40.90064212,7.30000019,1690.03234863,42,-,14.60000038
19-Jan-2023 13:37:41.601,0.69870418,3.23270345,11.01416302,0.1912747,0.15000001,-,-,-,-,167,32.15686417,-,-,2074,-,38.72507605,9.02000046,1705.0135498,36.5,-,14.60000038
19-Jan-2023 13:37:42.601,0.59820569,2.97906423,9.4055872,0.02656537,0.08,-,-,-,-,167,36.86274338,-,-,2283,-,39.59530247,16.15999985,1724.88562012,33.5,-,14.60000038
19-Jan-2023 13:37:43.601,0.70229346,3.37268353,10.10010433,0.10681564,0.01,-,-,-,-,167,37.64706039,-,-,2009,-,39.16018926,19.93000031,1745.60681152,36.5,-,14.60000038
19-Jan-2023 13:37:44.602,0.5910272,3.21655178,9.31585693,0.02544564,0,-,-,-,-,167,67.84313965,-,-,1924.5,-,38.28996283,21.80999947,1730.20715332,30,-,14.60000038
19-Jan-2023 13:37:45.602,0.17766708,3.79561496,9.79801083,0.09025472,0.09,-,-,-,-,167,76.47058868,-,-,2440.5,-,39.16018926,26.45999908,1702.55517578,25.5,-,14.60000038
19-Jan-2023 13:37:46.601,0.48035914,3.33858585,8.82114029,-0.01830739,-0.08,-,-,-,-,167,78.03921509,-,-,2504,-,40.03041569,28.89999962,1688.36022949,23.5,-,14.60000038
19-Jan-2023 13:37:47.601,0.55752766,3.406183,9.14058208,0.01497602,-0.04,-,-,-,-,167,78.8235321,-,-,4186.75,-,39.59530247,29.72999954,1676.24523926,23,-,14.60000038
19-Jan-2023 13:37:48.601,0.39182472,3.48813725,9.85543823,0.08544737,0.08,-,-,-,-,167,78.8235321,-,-,2529.5,-,40.03041569,29.29000092,1664.35620117,23,-,14.60000038
19-Jan-2023 13:37:49.601,0.52342993,3.24287295,9.3367939,0.02794737,-0.02,-,-,-,-,167,78.4313736,-,-,2524.25,-,40.03041569,29.18000031,1648.36755371,22.5,-,14.60000038
19-Jan-2023 13:37:50.602,0.41156548,3.40498662,9.30867863,0.03025621,-0.03,-,-,-,-,167,79.21568298,-,-,2515.75,-,40.03041569,29.55999947,1635.35107422,22.5,-,14.60000038
19-Jan-2023 13:37:51.601,0.63708901,3.57368064,9.24407196,0.03136092,-0.01,-,-,-,-,167,79.60784149,-,-,2508.25,-,40.03041569,29.18000031,1621.78369141,22.5,-,14.60000038
19-Jan-2023 13:37:52.602,0.2213361,3.61376047,8.59023285,-0.03074151,-0.04,-,-,-,-,168.8,78.8235321,-,-,2498.25,-,38.72507605,29.55999947,1609.41015625,22.5,-,14.60000038
19-Jan-2023 13:37:53.602,0.57427746,3.36610317,9.0227356,0.00241381,-0.01,-,-,-,-,168.8,78.8235321,-,-,2504,-,39.59530247,29.29000092,1593.03393555,22.5,-,14.60000038
19-Jan-2023 13:37:54.601,0.18604197,3.34696078,9.14536858,0.0119006,0,-,-,-,-,168.8,77.2549057,-,-,2499,-,39.59530247,28.89999962,1611.00366211,23,-,14.60000038
19-Jan-2023 13:37:55.601,0.37806597,3.13280296,8.41794968,-0.06459296,-0.02,-,-,-,-,170.6,77.2549057,-,-,2480.75,-,40.03041569,28.45999908,1597.37072754,23,-,14.60000038
19-Jan-2023 13:37:56.601,0.68015981,3.19980216,9.81057262,0.07318956,-0.01,-,-,-,-,170.6,76.86274719,-,-,2500.75,-,39.16018926,28.62000084,1615.14575195,23.5,-,14.60000038
19-Jan-2023 13:37:57.603,0.67298138,3.28833652,9.22851849,0.0200153,0,-,-,-,-,170.6,55.29411697,-,-,2274,-,40.03041569,21.30999947,1632.87023926,30.5,-,14.60000038
19-Jan-2023 13:37:58.601,0.58983076,3.14117789,8.62014389,-0.04383665,0.05,-,-,-,-,170.6,56.86274338,-,-,1888.5,-,37.85484962,17.44000053,1620.56982422,30,-,14.60000038
19-Jan-2023 13:37:59.601,0.45643091,3.25005126,9.9643116,0.08840722,0.03,-,-,-,-,170.6,52.54901886,-,-,1901.5,-,38.72507605,16.77000046,1636.61462402,32,-,14.60000038
19-Jan-2023 13:38:00.601,0.36670008,3.19023085,9.99661446,0.08930892,0.09,-,-,-,-,170.6,64.70587921,-,-,1901.5,-,38.72507605,16.98999977,1622.6998291,30,-,14.60000038
19-Jan-2023 13:38:01.601,0.53898329,3.14177608,9.60897732,0.0509997,0.01,-,-,-,-,170.6,62.35293961,-,-,1933.75,-,38.72507605,19.70999908,1638.63415527,32.5,-,14.60000038
19-Jan-2023 13:38:02.600,0.44626144,3.17886496,9.15553761,0.00798762,0.08,-,-,-,-,170.6,62.35293961,-,-,1955.5,-,40.4655289,19.31999969,1653.77392578,32.5,-,14.60000038
19-Jan-2023 13:38:03.602,0.50787663,3.1722846,10.61216831,0.14925545,-0.04,-,-,-,-,170.6,60,-,-,1967.75,-,39.16018926,19.20999908,1643.69030762,34,-,14.60000038
19-Jan-2023 13:38:04.601,0.34755749,3.21356082,9.24048328,0.0169102,0.06,-,-,-,-,170.6,60.39215851,-,-,1975,-,40.4655289,19.70999908,1659.56164551,34.5,-,14.60000038
19-Jan-2023 13:38:05.602,0.61734825,3.12203526,9.63350391,0.05320698,0.03,-,-,-,-,170.6,61.5686264,-,-,1970.5,-,40.4655289,19.43000031,1648.64428711,34.5,-,14.60000038
19-Jan-2023 13:38:06.604,0.59162539,3.13160658,9.29491997,0.02064258,0,-,-,-,-,170.6,62.35293961,-,-,1967.75,-,38.28996283,20.31999969,1626.08630371,34,-,14.60000038
19-Jan-2023 13:38:07.603,0.41395831,3.34456778,9.62692356,0.05873102,0.04,-,-,-,-,170.6,65.88235474,-,-,1966.75,-,39.16018926,20.70000076,1615.7935791,32.5,-,14.60000038
19-Jan-2023 13:38:08.601,0.4977071,3.14656186,10.17368412,0.03164953,0.01,-,-,-,-,170.6,63.92156982,-,-,1971.5,-,39.16018926,20.59000015,1605.59411621,32,-,14.60000038
19-Jan-2023 13:38:09.601,0.30927232,3.22971225,9.08255672,0.00214607,0,-,-,-,-,170.6,60.7843132,-,-,1963.25,-,40.4655289,19.54000092,1593.95336914,33.5,-,14.60000038
19-Jan-2023 13:38:10.602,0.52761739,3.02632236,8.99402237,-0.01217431,-0.02,-,-,-,-,170.6,61.17647171,-,-,1961.75,-,38.72507605,19.54000092,1581.80151367,34,-,14.60000038
19-Jan-2023 13:38:11.602,0.67298138,3.05802727,10.14975548,0.101749,0.04,-,-,-,-,170.6,40.39215851,-,-,1962.75,-,40.03041569,18.81999969,1570.5480957,39,-,14.60000038
19-Jan-2023 13:38:12.601,0.80159557,3.23689079,9.47737217,0.04315084,0.13,-,-,-,-,170.6,35.68627548,-,-,1938.25,-,40.03041569,11.01000023,1557.77746582,37.5,-,14.60000038
19-Jan-2023 13:38:13.601,0.51565325,2.93240404,9.1669035,0.0014984,0.08,-,-,-,-,170.6,37.25490189,-,-,1920,-,40.90064212,12.72999954,1546.70324707,37.5,-,14.60000038
19-Jan-2023 13:38:14.601,0.27278179,2.56749868,7.97707272,-0.1263091,-0.03,-,-,-,-,170.6,37.25490189,-,-,1913.75,-,39.59530247,13.22999954,1537.30895996,38.5,-,14.60000038
19-Jan-2023 13:38:15.601,0.21116661,2.63210487,8.36530781,-0.08679324,-0.02,-,-,-,-,170.6,32.54901886,-,-,2007.25,-,39.59530247,7.03000021,1527.43615723,41,-,14.60000038
19-Jan-2023 13:38:16.600,0.32303107,3.05802727,8.65723228,-0.04449236,0.03,-,-,-,-,170.6,34.90196228,-,-,2102.5,-,38.28996283,11.89999962,1517.4309082,33.5,-,14.60000038
19-Jan-2023 13:38:17.601,0.18783657,3.01914406,9.43370342,0.0288704,0.07,-,-,-,-,170.6,34.90196228,-,-,2136,-,39.59530247,13.72999954,1508.90185547,35,-,14.60000038
19-Jan-2023 13:38:18.604,0.12921242,3.06520581,9.92901802,0.07834643,0.08,-,-,-,-,168.8,34.90196228,-,-,1836.75,-,40.03041569,11.78999996,1501.10705566,38.5,-,14.60000038
19-Jan-2023 13:38:19.601,0.37088752,2.8749764,9.26859856,0.00894201,0,-,-,-,-,168.8,37.25490189,-,-,1845.25,-,39.59530247,14.5,1507.12756348,36,-,14.60000038
19-Jan-2023 13:38:20.601,0.02691926,3.53240442,9.15015411,0.0188328,0,-,-,-,-,168.8,43.92156982,-,-,1867.5,-,40.03041569,16,1498.86560059,35,-,14.60000038
19-Jan-2023 13:38:21.601,0.07956135,2.75832629,8.42632484,-0.07716119,-0.09,-,-,-,-,168.8,37.25490189,-,-,1876.25,-,38.28996283,9.02000046,1513.11743164,37,-,14.60000038
19-Jan-2023 13:38:22.601,-0.16510476,2.69671106,8.79541779,-0.04307687,0.01,-,-,-,-,168.8,33.33333206,-,-,2019.75,-,40.4655289,8.07999992,1504.79650879,43,-,14.60000038
19-Jan-2023 13:38:23.601,0.31226337,2.52622247,8.43350315,-0.08301097,-0.02,-,-,-,-,168.8,32.15686417,-,-,2005.25,-,37.4197364,7.03000021,1496.61303711,42,-,14.60000038
19-Jan-2023 13:38:24.601,0.56350976,2.57707,9.68136024,0.04186636,0.02,-,-,-,-,168.8,31.76470566,-,-,1962.25,-,40.03041569,6.13999987,1487.37646484,40,-,14.60000038
19-Jan-2023 13:38:25.601,-0.09690931,2.65962243,9.55513859,0.03009611,-0.03,-,-,-,-,168.8,32.15686417,-,-,1924.5,-,38.28996283,5.53000021,1478.32556152,40,-,14.60000038
19-Jan-2023 13:38:26.601,0.35114673,2.97667146,9.43370342,0.02801281,-0.01,-,-,-,-,168.8,31.76470566,-,-,1914,-,38.28996283,5.36999989,1468.84350586,40,-,14.60000038
19-Jan-2023 13:38:27.601,0.27158538,3.00837636,9.6191473,0.04675382,0.11,-,-,-,-,168.8,31.76470566,-,-,1909.75,-,38.72507605,6.86000013,1460.17468262,40,-,14.60000038
19-Jan-2023 13:38:28.600,0.36071801,2.68235421,10.3346014,0.10800332,0.06,-,-,-,-,168.8,32.15686417,-,-,1879,-,40.03041569,5.42000008,1446.21508789,43.5,-,14.60000038
19-Jan-2023 13:38:29.601,0.28833511,2.75114775,8.86361313,-0.03449291,-0.02,-,-,-,-,167,33.33333206,-,-,1848,-,40.03041569,5.42000008,1438.17578125,40.5,-,14.60000038
19-Jan-2023 13:38:30.601,0.45882374,2.62851572,10.13180923,0.08701926,0.05,-,-,-,-,167,33.33333206,-,-,1806.25,-,39.16018926,5.48000002,1431.28161621,40,-,14.60000038
19-Jan-2023 13:38:31.602,0.4121637,2.05722928,9.15254688,-0.02381849,0.01,-,-,-,-,167,33.72549057,-,-,1754.25,-,37.4197364,5.42000008,1424.94958496,40,-,14.69999981
19-Jan-2023 13:38:32.601,0.40618163,1.77726901,9.23509884,-0.02143568,0.01,-,-,-,-,165.2,34.11764526,-,-,1675.75,-,41.77086854,5.13999987,1418.61486816,40,-,14.5
19-Jan-2023 13:38:33.601,0.2955136,1.53619218,10.00917721,0.05168992,0.03,-,-,-,-,165.2,35.29411697,-,-,1590.5,-,41.77086854,5.03000021,1412.88195801,40,-,14.39999962
19-Jan-2023 13:38:34.601,0.37148571,1.14795661,9.36670399,-0.0182991,-0.03,-,-,-,-,165.2,36.07843018,-,-,1479.5,-,39.59530247,4.80999994,1405.68908691,40,-,14.60000038
19-Jan-2023 13:38:35.601,0.43190449,1.61455703,10.00738239,0.0532493,0.03,-,-,-,-,165.2,36.07843018,-,-,1336.75,-,40.03041569,4.53999996,1401.68200684,40,-,14.5
19-Jan-2023 13:38:36.601,0.02333002,1.64446735,10.39561844,0.09187549,0.05,-,-,-,-,163.4,36.86274338,-,-,1303.75,-,38.28996283,4.59000015,1397.71936035,39.5,-,14.5
19-Jan-2023 13:38:37.600,0.17647067,0.80159557,10.00139999,0.04193813,0.03,-,-,-,-,163.4,37.64706039,-,-,1257,-,40.4655289,4.42000008,1393.7421875,38.5,-,14.5
19-Jan-2023 13:38:38.601,-0.01256232,0.7190432,10.57507992,0.0994795,0.01,-,-,-,-,163.4,37.25490189,-,-,1299.25,-,38.72507605,4.42000008,1388.14050293,38,-,14.39999962
19-Jan-2023 13:38:39.601,0.1698904,1.17667055,9.92303562,0.03775638,0.06,-,-,-,-,163.4,37.25490189,-,-,1208.75,-,38.72507605,4.53999996,1386.35864258,38.5,-,14.5
19-Jan-2023 13:38:40.601,0.20458634,1.1186446,9.97866821,0.0427776,0.06,-,-,-,-,163.4,38.03921509,-,-,1286.75,-,37.4197364,4.36999989,1386.35864258,38.5,-,14.60000038
19-Jan-2023 13:38:41.601,0.40079778,1.99920332,9.99182892,0.05852586,0.05,-,-,-,-,161.6,39.2156868,-,-,1169.75,-,37.85484962,4.30999994,1384.91345215,36.5,-,13.80000019
19-Jan-2023 13:38:42.601,0.63230336,2.80438805,9.57966518,0.03854316,0,-,-,-,-,161.6,39.60784149,-,-,1112.5,-,42.20598176,4.19999981,1384.91345215,36.5,-,14.39999962
19-Jan-2023 13:38:43.601,0.64307112,2.66620255,9.38465023,0.01565742,0.01,-,-,-,-,161.6,39.60784149,-,-,1136,-,39.59530247,4.19999981,1384.91345215,37,-,14.39999962
19-Jan-2023 13:38:44.601,0.44147578,2.6727829,10.13539886,0.08843786,0.08,-,-,-,-,161.6,39.60784149,-,-,1048.25,-,40.4655289,4.1500001,1384.91345215,36.5,-,14.19999981
19-Jan-2023 13:38:45.600,0.37088752,2.7577281,10.45663452,0.12200993,-0.06,-,-,-,-,161.6,41.5686264,-,-,886.5,-,36.11439676,3.98000002,1384.91345215,13,-,14.19999981
19-Jan-2023 13:38:46.601,0.43010986,2.85882497,10.51047325,0.13019484,-0.07,-,-,-,-,158,42.35293961,-,-,934.75,-,43.5113214,3.86999989,1384.91345215,12,-,14.10000038
19-Jan-2023 13:38:47.601,0.68434727,2.89232445,7.85264587,-0.12510771,-0.14,-,-,-,-,158,42.74509811,-,-,1020.25,-,41.77086854,3.93000007,1384.91345215,13,-,14.19999981
19-Jan-2023 13:38:48.602,0.42951167,2.70927334,10.10070229,0.08592731,0.06,-,-,-,-,158,43.52941132,-,-,1054,-,45.25177426,3.81999993,1384.91345215,14.5,-,14.60000038
19-Jan-2023 13:38:49.601,0.54317075,2.56331134,9.65683365,0.03897959,0.02,-,-,-,-,158,46.66666794,-,-,939.5,-,35.24417033,3.70000005,1384.91345215,21,-,14
19-Jan-2023 13:38:50.601,0.73100734,2.53699017,8.94437122,-0.03034735,0.03,-,-,-,-,158,44.31372452,-,-,948.5,-,41.33575533,3.70000005,1384.91345215,25,-,14.69999981
19-Jan-2023 13:38:51.601,0.47796631,2.82652164,11.52921772,0.23003548,-0.15000001,-,-,-,-,158,41.96078491,-,-,797.25,-,42.64109497,3.75999999,1384.91345215,15.5,-,14
19-Jan-2023 13:38:52.601,0.64486569,2.6087749,9.49771118,0.02517384,0.01,-,-,-,-,156.2,41.96078491,-,-,911.25,-,35.67928355,3.81999993,1384.91345215,15.5,-,14
19-Jan-2023 13:38:53.601,0.65862441,2.56450772,8.32941532,-0.09006047,-0.02,-,-,-,-,156.2,43.13725662,-,-,733,-,44.38154783,3.81999993,1384.91345215,13,-,15
19-Jan-2023 13:38:54.601,0.47198427,2.56929326,10.51047325,0.12299985,-0.01,-,-,-,-,156.2,40.7843132,-,-,839.5,-,33.93883069,3.6500001,1384.91345215,13.5,-,14.5
19-Jan-2023 13:38:55.601,0.6550352,2.64167619,9.53539848,0.0298273,-0.01,-,-,-,-,156.2,41.5686264,-,-,843,-,40.4655289,3.53999996,1384.91345215,22,-,14.60000038
19-Jan-2023 13:38:56.601,0.31286156,2.513062,10.0893364,0.07937819,0.05,-,-,-,-,156.2,43.52941132,-,-,942.25,-,42.64109497,3.43000007,1384.91345215,22,-,14.10000038
19-Jan-2023 13:38:57.602,0.71306115,2.62253356,9.15553761,-0.00746357,-0.02,-,-,-,-,156.2,41.17647171,-,-,933,-,36.54950998,3.31999993,1384.91345215,14,-,14.69999981
19-Jan-2023 13:38:58.601,0.61734825,2.67158651,9.2560358,0.0030607,0.07,-,-,-,-,156.2,42.74509811,-,-,761.5,-,41.77086854,3.58999991,1384.91345215,17.5,-,14.69999981
19-Jan-2023 13:38:59.602,0.42831525,2.55912375,9.39123058,0.01217926,0.02,-,-,-,-,156.2,40.7843132,-,-,850.5,-,42.64109497,3.53999996,1384.91345215,14,-,14.5
19-Jan-2023 13:39:00.601,0.66341007,2.79601336,8.56151962,-0.06041747,-0.07,-,-,-,-,154.4,42.74509811,-,-,842.5,-,42.20598176,3.43000007,1384.91345215,20,-,14.5
19-Jan-2023 13:39:01.601,0.61675006,2.81814694,11.65304661,0.24273342,0.22,-,-,-,-,154.4,41.17647171,-,-,870.5,-,41.33575533,3.36999989,1384.91345215,20.5,-,15.10000038
19-Jan-2023 13:39:02.602,0.40977088,2.63569403,10.70967579,0.14406067,0.12,-,-,-,-,154.4,42.74509811,-,-,828.5,-,37.85484962,3.36999989,1384.91345215,21.5,-,14
19-Jan-2023 13:39:03.601,0.63828546,2.71106815,9.29013348,0.00764966,-0.01,-,-,-,-,154.4,40,-,-,799.5,-,43.07620819,3.25999999,1384.91345215,21.5,-,14
19-Jan-2023 13:39:04.601,0.54556358,2.62073898,10.12223816,0.08630115,-0.06,-,-,-,-,154.4,40,-,-,847,-,38.72507605,3.31999993,1384.91345215,16,-,14.60000038
19-Jan-2023 13:39:05.601,0.50967121,2.82233429,11.23011494,0.20050341,-0.09,-,-,-,-,154.4,41.5686264,-,-,733.5,-,41.77086854,3.21000004,1384.91345215,19,-,14.89999962
19-Jan-2023 13:39:06.601,0.43489552,2.87019086,8.85822964,-0.03076881,-0.02,-,-,-,-,154.4,40.7843132,-,-,719.5,-,38.72507605,3.31999993,1384.91345215,20,-,14.19999981
19-Jan-2023 13:39:07.601,0.38344982,2.58065915,10.10010433,0.08236712,0.1,-,-,-,-,154.4,42.74509811,-,-,796,-,39.59530247,3.21000004,1384.91345215,26,-,14.39999962
19-Jan-2023 13:39:08.602,0.76211399,2.73978186,8.36949539,-0.07993597,-0.22,-,-,-,-,154.4,45.49019623,-,-,719,-,41.77086854,3.03999996,1384.91345215,31,-,13.89999962
19-Jan-2023 13:39:09.601,0.58504516,2.70987153,11.3880415,0.21376342,0.08,-,-,-,-,154.4,41.17647171,-,-,962.25,-,37.4197364,3.03999996,1384.91345215,20,-,14.30000019
19-Jan-2023 13:39:10.601,0.75194454,2.66560435,9.50130081,0.11619943,0.12,-,-,-,-,154.4,40,-,-,837.5,-,41.77086854,3.21000004,1384.91345215,27.5,-,14.19999981
19-Jan-2023 13:39:11.601,0.66101724,3.12562466,10.58345413,0.14592487,-0.07,-,-,-,-,154.4,42.74509811,-,-,912.25,-,41.77086854,3.1500001,1384.91345215,17.5,-,14.60000038
19-Jan-2023 13:39:12.602,0.49471608,2.98624277,8.53818893,-0.05756819,-0.11,-,-,-,-,154.4,41.5686264,-,-,760.5,-,38.72507605,3.21000004,1384.91345215,17.5,-,14.39999962
19-Jan-2023 13:39:13.602,0.56231332,2.74875498,11.37308598,0.21309251,-0.04,-,-,-,-,152.6,40.39215851,-,-,791.25,-,38.72507605,3.0999999,1384.91345215,19,-,14.60000038
19-Jan-2023 13:39:14.601,0.78664047,2.57048965,8.82831955,-0.04027498,-0.05,-,-,-,-,152.6,40.39215851,-,-,741,-,36.54950998,3.25999999,1384.91345215,32,-,14.10000038
19-Jan-2023 13:39:15.600,0.73160553,2.70269322,9.54496956,0.03298289,0.01,-,-,-,-,152.6,44.70588303,-,-,905.25,-,38.72507605,3.03999996,1384.91345215,32,-,15
19-Jan-2023 13:39:16.601,0.54257256,2.58903408,9.43430138,0.01779085,0,-,-,-,-,152.6,44.31372452,-,-,688.75,-,40.4655289,3.03999996,1384.91345215,33,-,14.10000038
19-Jan-2023 13:39:17.601,0.53300124,2.63808703,7.94476938,-0.12592739,0.13,-,-,-,-,152.6,41.17647171,-,-,708,-,39.16018926,3.21000004,1384.91345215,21,-,14.60000038
19-Jan-2023 13:39:18.601,0.53539407,2.71226454,10.17248726,0.09356338,-0.02,-,-,-,-,152.6,39.60784149,-,-,908.75,-,42.64109497,2.99000001,1384.91345215,33,-,14.10000038
19-Jan-2023 13:39:19.600,0.40618163,2.55374002,8.90130043,-0.03611839,0.1,-,-,-,-,152.6,43.52941132,-,-,716.25,-,45.68688747,3.1500001,1384.91345215,21,-,14.30000019
19-Jan-2023 13:39:20.601,0.84586281,2.46939301,8.80857849,-0.04448742,-0.05,-,-,-,-,152.6,42.74509811,-,-,379.5,-,39.59530247,3.0999999,1384.91345215,28,-,14
19-Jan-2023 13:39:21.601,0.79561353,2.9066813,7.50329351,-0.15675288,-0.14,-,-,-,-,152.6,55.29411697,-,-,661,-,47.42734033,3.53999996,1384.91345215,24,-,13.39999962
19-Jan-2023 13:39:22.601,0.43489552,2.41794729,10.60798073,0.12896413,0.23,-,-,-,-,152.6,51.37254715,-,-,603.25,-,39.59530247,3.75999999,1384.91345215,24,-,13.89999962
19-Jan-2023 13:39:23.601,0.61675006,2.45922351,11.05484104,0.17515236,0,-,-,-,-,152.6,51.37254715,-,-,725.25,-,37.85484962,3.75999999,1384.91345215,23,-,15.19999981
19-Jan-2023 13:39:24.601,0.57248282,2.33838582,11.39880848,0.20659047,0.23,-,-,-,-,152.6,52.94117737,-,-,448.5,-,38.28996283,3.81999993,1384.91345215,22,-,13.60000038
19-Jan-2023 13:39:25.601,0.86560357,3.35772848,7.58285475,-0.13104457,-0.03,-,-,-,-,152.6,57.64706039,-,-,729.75,-,43.07620819,3.70000005,1384.91345215,21.5,-,13.80000019
19-Jan-2023 13:39:26.601,0.48335019,2.78584385,11.17687416,0.19422585,0,-,-,-,-,152.6,49.80392075,-,-,598,-,43.07620819,3.86999989,1384.91345215,19,-,14.60000038
19-Jan-2023 13:39:27.601,0.47856453,3.07537532,10.28674412,0.11454338,0.13,-,-,-,-,152.6,51.76470566,-,-,787.25,-,37.85484962,4.03999996,1384.91345215,22.5,-,14.60000038
19-Jan-2023 13:39:28.601,0.52163535,2.98743916,11.12363434,0.19429249,0.17,-,-,-,-,152.6,49.80392075,-,-,762.75,-,42.64109497,3.98000002,1384.91345215,22,-,14.69999981
19-Jan-2023 13:39:29.600,0.26799613,2.57407904,12.09631634,0.27996498,0.25999999,-,-,-,-,152.6,52.15686417,-,-,762.75,-,41.33575533,3.98000002,1384.91345215,25,-,14.19999981
19-Jan-2023 13:39:30.602,0.39780676,3.07956266,11.14995575,0.19884282,0.18000001,-,-,-,-,152.6,55.29411697,-,-,721,-,36.11439676,3.93000007,1384.91345215,23.5,-,13.5
19-Jan-2023 13:39:31.601,0.41934216,2.88873506,11.31625652,0.21030182,-0.01,-,-,-,-,152.6,49.41176605,-,-,872.25,-,40.4655289,4.09000015,1384.91345215,23.5,-,14.60000038
19-Jan-2023 13:39:32.602,0.68075806,2.35154653,9.16032314,-0.01445466,-0.1,-,-,-,-,152.6,56.86274338,-,-,737,-,41.33575533,4.30999994,1384.91345215,22,-,13.60000038
19-Jan-2023 13:39:33.601,0.57068819,2.71465731,9.63410187,0.04096895,-0.13,-,-,-,-,152.6,49.41176605,-,-,709.25,-,37.4197364,4.1500001,1404.22680664,22,-,13.39999962
19-Jan-2023 13:39:34.602,0.54317075,2.98983192,10.15992451,0.10000211,-0.2,-,-,-,-,152.6,56.07843018,-,-,783.25,-,39.16018926,4.26000023,1404.22680664,21.5,-,13.5
19-Jan-2023 13:39:35.602,1.35373938,4.36450863,9.21416187,0.04795381,0.04,-,-,-,-,152.6,54.11764526,-,-,643,-,41.33575533,4.30999994,1404.22680664,11,-,13.5
19-Jan-2023 13:39:36.601,2.32761812,4.72582483,8.97607613,0.07993227,0.05,-,-,-,-,152.6,41.96078491,-,-,1714.25,-,31.32815141,12.28999996,1404.22680664,30.5,-,14.39999962
19-Jan-2023 13:39:37.601,2.29411864,3.88355112,9.30927658,0.07347971,0.02,-,-,-,-,152.6,40.39215851,-,-,1965.25,-,38.28996283,13.84000015,1407.27307129,32.5,-,14.39999962
19-Jan-2023 13:39:38.601,1.87836576,3.13818693,8.94556713,0.00415277,0,-,-,-,-,152.6,34.90196228,-,-,2125,-,39.16018926,11.56999969,1411.30090332,36,-,14.30000019
19-Jan-2023 13:39:39.601,2.1517458,2.71465731,8.94975471,-0.00273877,0.1,-,-,-,-,154.4,33.33333206,-,-,2145.25,-,38.28996283,7.75,1415.55090332,39.5,-,14.39999962
19-Jan-2023 13:39:40.601,1.02592266,3.03828645,10.14138031,0.10323232,0.03,-,-,-,-,154.4,39.60784149,-,-,1334.25,-,38.72507605,5.19999981,1419.62548828,35,-,14.89999962
19-Jan-2023 13:39:41.602,0.01794617,3.68016124,9.8201437,0.08802074,0.03,-,-,-,-,154.4,39.60784149,-,-,1210.25,-,37.4197364,4.80999994,1415.35778809,35.5,-,14.60000038
19-Jan-2023 13:39:42.602,-0.04546363,4.29631329,9.21117115,0.05508131,0.07,-,-,-,-,156.2,40.7843132,-,-,1583.5,-,38.28996283,10.28999996,1412.90197754,33,-,14.39999962
19-Jan-2023 13:39:43.601,-0.86201435,4.51226521,8.80140018,0.03104419,0.01,-,-,-,-,156.2,40.39215851,-,-,1696,-,37.4197364,11.51000023,1418.11877441,30,-,14.5
19-Jan-2023 13:39:44.600,-0.14656039,5.06321287,9.6000042,0.12546128,0.19,-,-,-,-,156.2,44.70588303,-,-,1851.25,-,38.28996283,14,1423.38000488,31.5,-,14.60000038
19-Jan-2023 13:39:45.601,1.69651127,4.46022129,8.84566689,0.04354113,0.02,-,-,-,-,156.2,67.05882263,-,-,2176.25,-,40.4655289,21.53000069,1427.91955566,26.5,-,14.60000038
19-Jan-2023 13:39:46.601,2.42333102,4.06002188,8.50768089,0.01118046,0,-,-,-,-,156.2,66.66666412,-,-,2348,-,39.59530247,23.69000053,1434.1217041,27.5,-,14.60000038
19-Jan-2023 13:39:47.601,2.34436798,3.85663199,8.37368298,-0.01132315,-0.02,-,-,-,-,158,64.31372833,-,-,2428.75,-,38.72507605,24.29999924,1441.81030273,28,-,14.5
19-Jan-2023 13:39:48.602,2.43469715,3.67597389,8.6285181,0.00674522,-0.02,-,-,-,-,158,56.47058868,-,-,2571,-,39.59530247,21.92000008,1449.48876953,30,-,14.60000038
19-Jan-2023 13:39:49.601,2.29411864,3.72442842,8.77926636,0.01886362,0,-,-,-,-,158,54.11764526,-,-,2266.5,-,39.59530247,20.70000076,1458.8079834,31,-,14.5
19-Jan-2023 13:39:50.602,2.4705894,3.58863568,9.04008389,0.04195613,0,-,-,-,-,161.6,56.86274338,-,-,2274,-,39.16018926,19.70999908,1468.15490723,30,-,14.5
19-Jan-2023 13:39:51.600,2.33898425,3.45463777,8.62971497,-0.00390857,0.06,-,-,-,-,161.6,35.68627548,-,-,2160,-,40.03041569,15.82999992,1486.78527832,32.5,-,14.60000038
19-Jan-2023 13:39:52.600,2.47716975,3.40379024,8.75414181,0.00918967,0.02,-,-,-,-,161.6,35.68627548,-,-,2181.5,-,38.28996283,14.22999954,1496.68664551,38.5,-,14.60000038
19-Jan-2023 13:39:53.601,2.40179563,3.66042042,9.49232769,0.08457643,0.05,-,-,-,-,165.2,36.07843018,-,-,2211,-,39.59530247,13.61999989,1505.88745117,38.5,-,14.60000038
19-Jan-2023 13:39:54.601,2.1511476,3.21356082,9.34516907,0.0499565,0.04,-,-,-,-,165.2,34.90196228,-,-,2226,-,40.4655289,13.27999973,1516.01855469,39,-,14.60000038
19-Jan-2023 13:39:55.602,2.40418863,2.99581385,9.17767143,0.03317982,-0.04,-,-,-,-,167,34.11764526,-,-,2198,-,39.59530247,11.89999962,1510.48730469,42,-,14.60000038
19-Jan-2023 13:39:56.601,2.20977163,3.53898478,9.12084198,0.04140753,0,-,-,-,-,167,32.94117737,-,-,2180,-,39.59530247,10.78999996,1504.13671875,42,-,14.5
19-Jan-2023 13:39:57.601,2.3748765,3.30688095,9.26919651,0.05099863,0,-,-,-,-,167,32.94117737,-,-,2167.5,-,39.16018926,10.73999977,1493.81872559,41,-,14.60000038
19-Jan-2023 13:39:58.602,2.61415863,3.01495647,8.98145962,0.02083904,0.05,-,-,-,-,167,32.94117737,-,-,2123.25,-,39.59530247,9.46000004,1488.14794922,41,-,14.60000038
19-Jan-2023 13:39:59.601,2.46580362,3.17049003,9.12323475,0.03512937,0.01,-,-,-,-,167,33.72549057,-,-,2090.25,-,40.03041569,8.90999985,1482.19360352,41.5,-,14.5
19-Jan-2023 13:40:00.602,2.17567396,3.37088895,9.41396236,0.06214339,0.04,-,-,-,-,167,33.33333206,-,-,2071.75,-,38.28996283,8.73999977,1477.12182617,41.5,-,14.60000038
19-Jan-2023 13:40:01.601,2.35094833,2.82412887,9.10947609,0.02029341,0,-,-,-,-,168.8,32.54901886,-,-,1976.75,-,37.4197364,6.57999992,1471.3927002,40,-,14.60000038
19-Jan-2023 13:40:02.601,2.25942278,3.0556345,8.84327412,0.00016689,0.02,-,-,-,-,168.8,32.15686417,-,-,1912.25,-,37.4197364,5.69999981,1466.06555176,40,-,14.60000038
19-Jan-2023 13:40:03.601,1.80717933,2.57527542,9.74477005,0.06283718,-0.04,-,-,-,-,168.8,33.72549057,-,-,1889,-,40.03041569,5.75,1461.46289062,40,-,14.5
19-Jan-2023 13:40:04.601,2.03270292,2.45443773,9.27577686,0.01879251,0.04,-,-,-,-,170.6,34.11764526,-,-,1773.75,-,41.33575533,5.59000015,1456.29882812,40,-,14.5
19-Jan-2023 13:40:05.600,1.67437768,2.19960213,9.13878822,-0.00773454,0.02,-,-,-,-,170.6,34.11764526,-,-,1640.25,-,40.03041569,5.26000023,1449.08410645,39.5,-,14.60000038
19-Jan-2023 13:40:06.601,1.70010054,2.00937271,9.18784046,-0.00674695,0,-,-,-,-,168.8,35.68627548,-,-,1519,-,40.03041569,5.03000021,1449.08410645,39,-,14.5
19-Jan-2023 13:40:07.601,1.86939263,2.50947285,9.87458038,0.07491666,0.03,-,-,-,-,168.8,36.07843018,-,-,1443.25,-,39.16018926,4.76000023,1441.17077637,39,-,14.5
19-Jan-2023 13:40:08.601,1.4584254,1.9268204,9.8823576,0.05605668,0,-,-,-,-,168.8,36.47058868,-,-,1387.25,-,40.90064212,4.6500001,1438.31628418,39,-,14.5
19-Jan-2023 13:40:09.600,1.74676049,2.07098794,9.30807972,0.00721145,0,-,-,-,-,168.8,37.25490189,-,-,1326.75,-,39.16018926,4.53999996,1435.46911621,39,-,14.5
19-Jan-2023 13:40:10.601,1.58105755,2.13679051,9.83450127,0.0574705,0.04,-,-,-,-,168.8,37.25490189,-,-,1293,-,41.33575533,4.53999996,1433.09143066,38.5,-,14.60000038
19-Jan-2023 13:40:11.601,1.75752819,2.00339079,9.44566727,0.01945192,0,-,-,-,-,168.8,38.4313736,-,-,1261.25,-,40.4655289,4.48000002,1431.35351562,38,-,14.60000038
19-Jan-2023 13:40:12.601,2.09491634,2.31744862,9.05982494,-0.00410897,0.02,-,-,-,-,168.8,37.25490189,-,-,1217,-,39.59530247,4.26000023,1429.74804688,38,-,14.60000038
19-Jan-2023 13:40:13.601,1.32562375,1.72821617,9.88774109,0.05108899,0.03,-,-,-,-,168.8,38.03921509,-,-,1222.25,-,40.4655289,4.1500001,1428.3157959,39,-,14.5
19-Jan-2023 13:40:14.601,2.24327111,2.61475706,9.24347401,0.02456933,0,-,-,-,-,168.8,38.82352829,-,-,1154,-,39.16018926,4.1500001,1427.86218262,36.5,-,14.5
19-Jan-2023 13:40:15.601,2.53041005,3.03589368,9.09751129,0.03009969,0.01,-,-,-,-,167,39.60784149,-,-,1109.25,-,43.5113214,3.98000002,1427.86218262,36.5,-,14.60000038
19-Jan-2023 13:40:16.601,2.57288265,2.88574409,8.72004414,-0.00865757,0.03,-,-,-,-,167,39.2156868,-,-,1148.5,-,37.85484962,4.09000015,1427.86218262,24.5,-,14.5
19-Jan-2023 13:40:17.601,2.74277306,3.47617316,9.73400211,0.10909182,0,-,-,-,-,167,42.35293961,-,-,862,-,44.38154783,3.86999989,1427.86218262,13.5,-,14.10000038
19-Jan-2023 13:40:18.602,2.56809688,2.89830637,8.51127052,-0.02781177,0.06,-,-,-,-,167,43.52941132,-,-,945.75,-,42.20598176,3.6500001,1427.86218262,12,-,14.5
19-Jan-2023 13:40:19.602,2.47417855,2.84626245,8.46879768,-0.03598875,0,-,-,-,-,167,40.7843132,-,-,758,-,40.03041569,3.58999991,1427.86218262,12,-,14.10000038
19-Jan-2023 13:40:20.602,2.4813571,2.95932341,7.88076115,-0.08638555,-0.1,-,-,-,-,167,50.58823395,-,-,952,-,40.90064212,3.58999991,1427.86218262,26.5,-,14
19-Jan-2023 13:40:21.601,2.28155637,3.05982184,9.88714314,0.09935504,0.08,-,-,-,-,167,45.09803772,-,-,871,-,40.90064212,3.58999991,1427.86218262,16,-,14.39999962
19-Jan-2023 13:40:22.601,2.45084858,2.88993144,7.95134974,-0.08313227,-0.13,-,-,-,-,167,42.35293961,-,-,834.25,-,41.77086854,3.43000007,1427.86218262,12,-,14.5
19-Jan-2023 13:40:23.601,2.60757852,2.93958259,8.18046284,-0.05589575,0.05,-,-,-,-,167,42.35293961,-,-,740.5,-,41.33575533,3.31999993,1427.86218262,14.5,-,14.69999981
19-Jan-2023 13:40:24.601,2.32642174,3.06999135,9.45224762,0.05946499,0,-,-,-,-,167,44.70588303,-,-,724.75,-,38.72507605,3.31999993,1427.86218262,21,-,13.89999962
19-Jan-2023 13:40:25.601,2.39042974,3.08494663,9.745368,0.08910936,-0.09,-,-,-,-,167,45.49019623,-,-,948.5,-,38.72507605,3.31999993,1427.86218262,16,-,14
19-Jan-2023 13:40:26.601,2.60279274,2.97487664,8.12064171,-0.06035078,0.02,-,-,-,-,167,43.92156982,-,-,844.5,-,36.98462319,3.03999996,1427.86218262,18.5,-,14.39999962
19-Jan-2023 13:40:27.601,2.39940286,2.5878377,8.27856827,-0.06363267,-0.08,-,-,-,-,165.2,40.7843132,-,-,792.75,-,40.90064212,3.03999996,1427.86218262,13.5,-,14.30000019
19-Jan-2023 13:40:28.601,2.36051965,2.74815679,8.14696312,-0.07211798,-0.09,-,-,-,-,165.2,44.70588303,-,-,733.25,-,39.59530247,2.99000001,1427.86218262,31,-,14
19-Jan-2023 13:40:29.601,2.48913383,2.72721958,8.77388287,-0.01064664,-0.02,-,-,-,-,165.2,40.39215851,-,-,668.25,-,40.4655289,3.21000004,1427.86218262,13,-,14.60000038
19-Jan-2023 13:40:30.601,2.48913383,3.03230453,9.4935236,0.06611294,0.01,-,-,-,-,165.2,40.7843132,-,-,703.75,-,40.90064212,2.93000007,1427.86218262,24.5,-,14.30000019
19-Jan-2023 13:40:31.601,2.39521551,2.89172626,9.6006031,0.06984288,0,-,-,-,-,165.2,42.74509811,-,-,766.25,-,42.64109497,3.03999996,1427.86218262,22,-,14.69999981
19-Jan-2023 13:40:32.601,2.29471684,2.65244389,8.1320076,-0.07823628,0.07,-,-,-,-,165.2,47.45098114,-,-,766.25,-,40.90064212,2.93000007,1427.86218262,32.5,-,13.80000019
19-Jan-2023 13:40:33.601,2.37786746,3.07118797,9.38823986,0.05467731,0.06,-,-,-,-,165.2,40,-,-,797.25,-,43.5113214,3.03999996,1427.86218262,16,-,14.60000038
19-Jan-2023 13:40:34.601,2.24028015,2.8426733,9.97986507,0.10115093,0.15000001,-,-,-,-,165.2,44.70588303,-,-,744.5,-,37.4197364,2.86999989,1427.86218262,32,-,14
19-Jan-2023 13:40:35.601,2.40837598,3.25005126,10.35075283,0.15183467,0.11,-,-,-,-,163.4,42.74509811,-,-,846,-,39.59530247,2.93000007,1427.86218262,23,-,14.60000038
19-Jan-2023 13:40:36.601,2.48075891,2.91445804,9.34098148,0.04801732,-0.01,-,-,-,-,163.4,39.60784149,-,-,619.25,-,36.11439676,2.86999989,1427.86218262,18.5,-,14.69999981
19-Jan-2023 13:40:37.601,2.21874475,2.75234413,10.83111191,0.18041402,0,-,-,-,-,163.4,44.31372452,-,-,760.25,-,43.5113214,2.75999999,1427.86218262,32.5,-,14.39999962
19-Jan-2023 13:40:38.600,2.40957236,2.85523558,8.78046227,-0.00829154,0,-,-,-,-,163.4,44.31372452,-,-,694,-,41.77086854,2.75999999,1427.86218262,33,-,14.39999962
19-Jan-2023 13:40:39.601,2.39820647,2.69132733,9.29312515,0.03508443,0,-,-,-,-,163.4,43.13725662,-,-,889.75,-,39.59530247,2.75999999,1427.86218262,33,-,14.19999981
19-Jan-2023 13:40:40.601,2.54177594,2.62791753,7.80060196,-0.10282791,-0.12,-,-,-,-,163.4,46.66666794,-,-,802,-,39.16018926,2.75999999,1427.86218262,19,-,14.60000038
19-Jan-2023 13:40:41.601,2.63808703,2.66500616,7.35792971,-0.13916689,-0.15000001,-,-,-,-,163.4,46.66666794,-,-,847.25,-,36.98462319,2.75999999,1427.86218262,19,-,14.60000038
19-Jan-2023 13:40:42.601,4.03489733,4.33400011,8.62792015,0.08571368,0.06,-,-,-,-,163.4,44.31372452,-,-,805.25,-,37.85484962,2.71000004,1427.86218262,21.5,-,14.5
19-Jan-2023 13:40:43.602,3.73220515,3.88355112,8.30608559,0.028135,0.03,-,-,-,-,163.4,40.39215851,-,-,1769.5,-,37.85484962,11.78999996,1427.86218262,30,-,14.10000038
19-Jan-2023 13:40:44.601,3.50668168,3.63649225,8.35932636,0.01464248,0.01,-,-,-,-,163.4,41.96078491,-,-,1758.25,-,38.72507605,13.06000042,1430.12658691,31,-,14.30000019
19-Jan-2023 13:40:45.602,3.14596367,3.44087887,9.0676012,0.05834609,0.04,-,-,-,-,163.4,34.50980377,-,-,2068.25,-,38.72507605,13.61999989,1433.0168457,37.5,-,14.19999981
19-Jan-2023 13:40:46.601,3.6723845,3.68434858,8.76311493,0.0578205,0.05,-,-,-,-,163.4,50.58823395,-,-,2321.75,-,38.72507605,18.98999977,1436.87695312,36.5,-,14.19999981
19-Jan-2023 13:40:47.600,3.32243419,3.72083926,8.75473976,0.04612988,0.03,-,-,-,-,163.4,60.7843132,-,-,2220,-,39.16018926,21.09000015,1441.63342285,29.5,-,14.19999981
19-Jan-2023 13:40:48.600,3.03709006,3.39780807,9.08913708,0.0554592,0.04,-,-,-,-,165.2,58.4313736,-,-,2290,-,40.4655289,20.93000031,1446.90148926,30.5,-,14.19999981
19-Jan-2023 13:40:49.602,2.8743782,3.11485696,8.43769073,-0.01847154,0.02,-,-,-,-,165.2,56.47058868,-,-,2341.5,-,39.59530247,18.93000031,1459.75280762,31,-,14.19999981
19-Jan-2023 13:40:50.601,2.58065915,3.28474736,9.2991066,0.05816931,0,-,-,-,-,165.2,33.72549057,-,-,2254.25,-,39.59530247,16.98999977,1466.76184082,34.5,-,14.10000038
19-Jan-2023 13:40:51.601,2.91565442,3.32063961,8.86421108,0.02864736,0,-,-,-,-,167,34.11764526,-,-,2035.25,-,40.4655289,15.39000034,1473.3104248,34.5,-,14.19999981
19-Jan-2023 13:40:52.601,2.75892448,3.16390967,8.50110054,-0.01453006,-0.02,-,-,-,-,167,34.11764526,-,-,2135.5,-,37.4197364,16.87999916,1479.75268555,35,-,14.19999981
19-Jan-2023 13:40:53.602,2.80319166,3.14536548,9.22971535,0.05323833,-0.02,-,-,-,-,167,33.33333206,-,-,2091.25,-,39.16018926,15.06000042,1487.8112793,39,-,14.19999981
19-Jan-2023 13:40:54.601,3.03290272,2.90069914,9.01376247,0.03254324,0.01,-,-,-,-,168.8,34.11764526,-,-,2139.75,-,38.72507605,15.82999992,1495.21569824,35.5,-,14.19999981
19-Jan-2023 13:40:55.601,2.5980072,2.88036036,8.58724213,-0.02048248,-0.03,-,-,-,-,168.8,34.11764526,-,-,2097.25,-,39.59530247,14.06000042,1503.33154297,40.5,-,14.19999981
19-Jan-2023 13:40:56.601,2.81814694,2.5878377,8.44546795,-0.03587061,-0.05,-,-,-,-,172.4,35.68627548,-,-,2050.25,-,39.59530247,12.56000042,1510.90380859,43.5,-,14.19999981
19-Jan-2023 13:40:57.601,2.67816663,1.98065889,9.37089157,0.03279299,0.01,-,-,-,-,172.4,32.15686417,-,-,1846.75,-,39.16018926,5.36999989,1504.75695801,40,-,14.30000019
19-Jan-2023 13:40:58.601,2.5238297,1.71326101,8.96471024,-0.01571178,0,-,-,-,-,172.4,32.15686417,-,-,1732,-,40.03041569,4.76000023,1500.89306641,39.5,-,14.19999981
19-Jan-2023 13:40:59.601,2.39162612,1.90588319,9.12562752,0.0000819,0,-,-,-,-,172.4,32.54901886,-,-,1685.25,-,42.20598176,4.48000002,1496.92944336,39,-,14.19999981
19-Jan-2023 13:41:00.600,1.80239367,2.26899409,10.48176003,0.12755615,0.09,-,-,-,-,172.4,33.72549057,-,-,1627.25,-,42.20598176,4.48000002,1491.0279541,39,-,14.19999981
19-Jan-2023 13:41:01.603,0.93320084,1.37826586,9.64965534,0.01718104,0.01,-,-,-,-,172.4,34.11764526,-,-,1484.25,-,40.03041569,4.19999981,1486.68786621,39,-,14.19999981
19-Jan-2023 13:41:02.601,1.52721906,0.47318068,10.02293587,0.0536235,0.04,-,-,-,-,172.4,35.29411697,-,-,1298.25,-,40.03041569,3.98000002,1482.90881348,39,-,14.10000038
19-Jan-2023 13:41:03.601,2.90309215,0.84107715,10.04506969,0.08831054,0.01,-,-,-,-,168.8,36.86274338,-,-,1152.5,-,37.4197364,3.58999991,1480.63537598,39,-,14.39999962
19-Jan-2023 13:41:04.600,4.09890509,-0.56829536,9.30149937,0.05676395,0.04,-,-,-,-,168.8,40,-,-,1011.25,-,37.85484962,4.03999996,1478.53137207,35,-,14.89999962
19-Jan-2023 13:41:05.601,4.81794834,-0.69451678,9.76331425,0.13107985,0.09,-,-,-,-,168.8,37.64706039,-,-,1190.75,-,40.03041569,4.19999981,1476.86523438,37.5,-,14.60000038
19-Jan-2023 13:41:06.601,2.65304208,1.93399894,9.4055872,0.03450769,0,-,-,-,-,168.8,37.64706039,-,-,1168.75,-,39.16018926,4.03999996,1475.40771484,38,-,14.60000038
19-Jan-2023 13:41:07.601,1.87836576,3.01974225,9.73579693,0.07557303,-0.02,-,-,-,-,168.8,38.4313736,-,-,1289.25,-,40.4655289,3.70000005,1472.66540527,39,-,14.69999981
19-Jan-2023 13:41:08.601,2.34197521,3.30448818,9.85424232,0.10504836,0.08,-,-,-,-,168.8,34.50980377,-,-,1406.25,-,39.16018926,3.70000005,1471.53540039,39,-,14.60000038
19-Jan-2023 13:41:09.601,2.2259233,3.47557497,9.58325481,0.08263177,0.06,-,-,-,-,168.8,34.50980377,-,-,1327,-,39.59530247,3.81999993,1469.95227051,39,-,14.60000038
19-Jan-2023 13:41:10.602,3.29850602,2.57587361,9.07537842,0.0377447,0.01,-,-,-,-,168.8,34.11764526,-,-,1331.5,-,37.85484962,3.70000005,1468.92907715,39,-,14.60000038
19-Jan-2023 13:41:11.601,4.14735985,1.25563371,8.8534441,0.02379221,0.02,-,-,-,-,168.8,34.11764526,-,-,1196.75,-,39.59530247,3.75999999,1467.68481445,39,-,14.5
19-Jan-2023 13:41:12.601,4.24426937,0.69571316,9.04486942,0.03993398,0.02,-,-,-,-,168.8,37.25490189,-,-,1131.5,-,41.33575533,3.75999999,1466.83154297,39,-,14.60000038
19-Jan-2023 13:41:13.601,3.40857577,1.50807643,9.52163982,0.06132203,-0.02,-,-,-,-,168.8,38.03921509,-,-,1178.5,-,38.72507605,3.81999993,1465.81994629,39,-,14.5
19-Jan-2023 13:41:14.601,2.41615272,2.16430807,9.77527905,0.06889015,0,-,-,-,-,167,44.70588303,-,-,889,-,37.85484962,3.6500001,1465.02636719,19.5,-,14.39999962
19-Jan-2023 13:41:15.601,2.96231437,2.01535487,8.35334396,-0.05446625,-0.03,-,-,-,-,167,44.70588303,-,-,859.5,-,38.28996283,2.99000001,1464.55639648,21.5,-,14.60000038
19-Jan-2023 13:41:16.601,3.41874528,2.47657132,9.12861824,0.04422718,0,-,-,-,-,167,42.74509811,-,-,821.5,-,36.98462319,3.36999989,1464.55639648,16,-,14.10000038
19-Jan-2023 13:41:17.601,3.02811694,2.38085842,9.6819582,0.08119065,0.06,-,-,-,-,167,42.74509811,-,-,707.25,-,36.98462319,3.21000004,1464.55639648,16.5,-,14.10000038
19-Jan-2023 13:41:18.601,3.03888464,2.53100824,9.27039337,0.04639453,0.03,-,-,-,-,167,40.7843132,-,-,718.5,-,40.4655289,2.93000007,1464.55639648,12,-,14.39999962
19-Jan-2023 13:41:19.601,3.27697062,2.57467723,9.03649426,0.0333901,0.04,-,-,-,-,167,38.4313736,-,-,1227,-,40.4655289,4.1500001,1464.55639648,12,-,14.19999981
19-Jan-2023 13:41:20.602,3.37806726,2.67517567,8.91206837,0.02808601,-0.04,-,-,-,-,167,37.64706039,-,-,1227.75,-,40.4655289,3.93000007,1464.55639648,12,-,14.19999981
19-Jan-2023 13:41:21.601,3.17587376,2.35812664,9.42233753,0.06068915,-0.03,-,-,-,-,167,38.82352829,-,-,1086,-,38.28996283,3.58999991,1464.55639648,12,-,14.19999981
19-Jan-2023 13:41:22.602,0.948156,8.36710262,6.29312372,0.09060162,0.07,-,-,-,-,165.2,40.7843132,-,-,948.25,-,45.25177426,3.58999991,1464.55639648,13,-,14.30000019
19-Jan-2023 13:41:23.601,2.43708992,4.40099907,9.06401253,0.07572871,0.05,-,-,-,-,165.2,40.7843132,-,-,904.25,-,40.90064212,3.43000007,1464.55639648,15.5,-,14.69999981
19-Jan-2023 13:41:24.601,-0.8039884,5.65184689,6.44267511,-0.10352707,-0.12,-,-,-,-,165.2,40.39215851,-,-,955.5,-,40.4655289,3.21000004,1464.55639648,15.5,-,14.60000038
19-Jan-2023 13:41:25.600,-0.71485579,4.98604441,8.76191807,0.04923195,0.02,-,-,-,-,165.2,41.5686264,-,-,989.25,-,40.4655289,3.21000004,1464.55639648,18.5,-,14.39999962
19-Jan-2023 13:41:26.601,-0.46121657,4.63011169,8.68175888,0.02308303,-0.06,-,-,-,-,165.2,39.2156868,-,-,803.5,-,43.94643461,3.21000004,1464.55639648,14.5,-,14.60000038
19-Jan-2023 13:41:27.600,0.29252258,4.76650286,8.61057186,0.02268702,0.01,-,-,-,-,165.2,40,-,-,761.25,-,34.37394391,3.1500001,1464.55639648,18.5,-,14.60000038
19-Jan-2023 13:41:28.600,-0.87278205,4.32143784,9.15493965,0.01901835,-0.01,-,-,-,-,165.2,39.60784149,-,-,943.5,-,40.03041569,3.1500001,1464.55639648,21.5,-,14.69999981
19-Jan-2023 13:41:29.601,-1.0223335,4.71326256,8.56271553,0.02078563,0.02,-,-,-,-,165.2,41.17647171,-,-,1014,-,38.28996283,3.03999996,1464.55639648,30,-,14.5
19-Jan-2023 13:41:30.600,-0.17168503,5.06381083,8.58066177,0.03479093,0,-,-,-,-,165.2,41.96078491,-,-,1014,-,41.33575533,3.0999999,1464.55639648,16,-,14.30000019
19-Jan-2023 13:41:31.601,-0.29730821,4.88135815,8.52682304,0.02100688,0.03,-,-,-,-,165.2,38.4313736,-,-,719.25,-,36.98462319,2.99000001,1464.55639648,16.5,-,14.5
19-Jan-2023 13:41:32.601,-0.69690961,5.91087008,6.88056135,-0.05362058,-0.07,-,-,-,-,165.2,42.35293961,-,-,803.75,-,36.98462319,2.99000001,1464.55639648,20,-,14.5
19-Jan-2023 13:41:33.600,-1.47936261,7.55234671,6.01077032,0.01441586,0,-,-,-,-,163.4,41.17647171,-,-,852.5,-,42.64109497,3.03999996,1464.55639648,29.5,-,14.30000019
19-Jan-2023 13:41:34.601,1.73599279,7.51525784,4.56012154,-0.06761289,-0.08,-,-,-,-,163.4,38.82352829,-,-,789.5,-,37.85484962,2.93000007,1464.55639648,29.5,-,14.69999981
19-Jan-2023 13:41:35.601,0.23330021,7.66062164,6.15194702,0.02081627,0.01,-,-,-,-,163.4,38.82352829,-,-,947.75,-,43.07620819,2.93000007,1464.55639648,22.5,-,14.39999962
19-Jan-2023 13:41:36.601,0.58085769,7.46441031,6.60299397,0.0366047,0.03,-,-,-,-,163.4,43.13725662,-,-,947.75,-,43.07620819,2.93000007,1464.55639648,23,-,14.39999962
19-Jan-2023 13:41:37.600,-0.99361962,5.15414,11.12363434,0.2728129,0.2,-,-,-,-,163.4,43.13725662,-,-,947.75,-,43.07620819,2.93000007,1464.55639648,23,-,14.39999962
19-Jan-2023 13:41:38.601,-0.67298138,4.34716034,8.56211758,0.00024724,-0.02,-,-,-,-,163.4,43.13725662,-,-,947.75,-,43.07620819,2.93000007,1464.55639648,23,-,14.39999962
19-Jan-2023 13:41:39.601,-1.11326075,4.30528593,8.8217392,0.02605051,0,-,-,-,-,163.4,43.13725662,-,-,947.75,-,43.07620819,2.93000007,1464.55639648,23,-,13.30000019
